env,obs,distract,method,experiment_group,cfg/env/task_id,cfg/train/seed,cfg/train/rep_loss_scale,cfg/train/vae_type,rollout/success_env_avg,metrics_csv/rollout/success_env_avg,job_name
goal,img,False,cardpol,bc-cardpol-baseline_img_cam-agent,0,0,0.01,,1.0,0.800000011920929,libero_goal_bc_cardpol_policy_vilt_task0_0810_2154_seed0_ratio0.9_09ed1f
goal,img,False,cardpol,bc-cardpol-baseline_img_cam-agent,0,1,0.01,,0.8999999761581421,0.699999988079071,libero_goal_bc_cardpol_policy_vilt_task0_0810_2253_seed1_ratio0.9_3e77a6
goal,img,False,cardpol,bc-cardpol-baseline_img_cam-agent,0,2,0.01,,0.8999999761581421,0.800000011920929,libero_goal_bc_cardpol_policy_vilt_task0_0810_2352_seed2_ratio0.9_ab63b6
goal,img,False,cardpol,bc-cardpol-baseline_img_cam-agent,0,3,0.01,,0.8999999761581421,0.6000000238418579,libero_goal_bc_cardpol_policy_vilt_task0_0811_0052_seed3_ratio0.9_6f3633
goal,img,False,cardpol,bc-cardpol-baseline_img_cam-agent,0,4,0.01,,1.0,0.800000011920929,libero_goal_bc_cardpol_policy_vilt_task0_0811_0152_seed4_ratio0.9_7d4f7e
goal,img,False,cardpol,bc-cardpol-baseline_img_cam-agent,1,0,0.01,,0.699999988079071,1.0,libero_goal_bc_cardpol_policy_vilt_task1_0810_2154_seed0_ratio0.9_24937e
goal,img,False,cardpol,bc-cardpol-baseline_img_cam-agent,1,1,0.01,,0.8999999761581421,1.0,libero_goal_bc_cardpol_policy_vilt_task1_0810_2239_seed1_ratio0.9_76c08d
goal,img,False,cardpol,bc-cardpol-baseline_img_cam-agent,1,2,0.01,,1.0,1.0,libero_goal_bc_cardpol_policy_vilt_task1_0810_2322_seed2_ratio0.9_9112c0
goal,img,False,cardpol,bc-cardpol-baseline_img_cam-agent,1,3,0.01,,1.0,1.0,libero_goal_bc_cardpol_policy_vilt_task1_0811_0003_seed3_ratio0.9_602407
goal,img,False,cardpol,bc-cardpol-baseline_img_cam-agent,1,4,0.01,,0.8999999761581421,1.0,libero_goal_bc_cardpol_policy_vilt_task1_0811_0045_seed4_ratio0.9_e61f0d
goal,img,False,cardpol,bc-cardpol-baseline_img_cam-agent,2,0,0.01,,0.6000000238418579,0.699999988079071,libero_goal_bc_cardpol_policy_vilt_task2_0810_2154_seed0_ratio0.9_d3c3a1
goal,img,False,cardpol,bc-cardpol-baseline_img_cam-agent,2,1,0.01,,0.800000011920929,0.4000000059604645,libero_goal_bc_cardpol_policy_vilt_task2_0810_2243_seed1_ratio0.9_3428b8
goal,img,False,cardpol,bc-cardpol-baseline_img_cam-agent,2,2,0.01,,0.699999988079071,0.800000011920929,libero_goal_bc_cardpol_policy_vilt_task2_0810_2332_seed2_ratio0.9_d387ff
goal,img,False,cardpol,bc-cardpol-baseline_img_cam-agent,2,3,0.01,,0.800000011920929,1.0,libero_goal_bc_cardpol_policy_vilt_task2_0811_0020_seed3_ratio0.9_2154a2
goal,img,False,cardpol,bc-cardpol-baseline_img_cam-agent,2,4,0.01,,0.5,0.8999999761581421,libero_goal_bc_cardpol_policy_vilt_task2_0811_0108_seed4_ratio0.9_e8791e
goal,img,False,cardpol,bc-cardpol-baseline_img_cam-agent,3,0,0.01,,1.0,0.699999988079071,libero_goal_bc_cardpol_policy_vilt_task3_0810_2154_seed0_ratio0.9_e62c0f
goal,img,False,cardpol,bc-cardpol-baseline_img_cam-agent,3,1,0.01,,0.800000011920929,0.4000000059604645,libero_goal_bc_cardpol_policy_vilt_task3_0810_2315_seed1_ratio0.9_d31027
goal,img,False,cardpol,bc-cardpol-baseline_img_cam-agent,3,2,0.01,,0.800000011920929,0.3000000119209289,libero_goal_bc_cardpol_policy_vilt_task3_0811_0037_seed2_ratio0.9_1c38c8
goal,img,False,cardpol,bc-cardpol-baseline_img_cam-agent,3,3,0.01,,0.800000011920929,0.5,libero_goal_bc_cardpol_policy_vilt_task3_0811_0158_seed3_ratio0.9_bdf771
goal,img,False,cardpol,bc-cardpol-baseline_img_cam-agent,3,4,0.01,,0.5,0.5,libero_goal_bc_cardpol_policy_vilt_task3_0811_0318_seed4_ratio0.9_8b77ff
goal,img,False,cardpol,bc-cardpol-baseline_img_cam-agent,4,0,0.01,,0.699999988079071,0.800000011920929,libero_goal_bc_cardpol_policy_vilt_task4_0810_2153_seed0_ratio0.9_54081c
goal,img,False,cardpol,bc-cardpol-baseline_img_cam-agent,4,1,0.01,,0.8999999761581421,0.699999988079071,libero_goal_bc_cardpol_policy_vilt_task4_0810_2239_seed1_ratio0.9_b84488
goal,img,False,cardpol,bc-cardpol-baseline_img_cam-agent,4,2,0.01,,0.8999999761581421,0.8999999761581421,libero_goal_bc_cardpol_policy_vilt_task4_0810_2324_seed2_ratio0.9_0d8510
goal,img,False,cardpol,bc-cardpol-baseline_img_cam-agent,4,3,0.01,,0.699999988079071,0.8999999761581421,libero_goal_bc_cardpol_policy_vilt_task4_0811_0010_seed3_ratio0.9_b02ef2
goal,img,False,cardpol,bc-cardpol-baseline_img_cam-agent,4,4,0.01,,1.0,1.0,libero_goal_bc_cardpol_policy_vilt_task4_0811_0055_seed4_ratio0.9_d9545e
goal,img,False,cardpol,bc-cardpol-baseline_img_cam-agent,5,0,0.01,,0.8999999761581421,0.8999999761581421,libero_goal_bc_cardpol_policy_vilt_task5_0810_2153_seed0_ratio0.9_4bbdfe
goal,img,False,cardpol,bc-cardpol-baseline_img_cam-agent,5,1,0.01,,0.699999988079071,0.6000000238418579,libero_goal_bc_cardpol_policy_vilt_task5_0810_2300_seed1_ratio0.9_282084
goal,img,False,cardpol,bc-cardpol-baseline_img_cam-agent,5,2,0.01,,0.800000011920929,0.800000011920929,libero_goal_bc_cardpol_policy_vilt_task5_0811_0006_seed2_ratio0.9_80fcee
goal,img,False,cardpol,bc-cardpol-baseline_img_cam-agent,5,3,0.01,,0.8999999761581421,0.8999999761581421,libero_goal_bc_cardpol_policy_vilt_task5_0811_0111_seed3_ratio0.9_2f7c6d
goal,img,False,cardpol,bc-cardpol-baseline_img_cam-agent,5,4,0.01,,0.3000000119209289,0.800000011920929,libero_goal_bc_cardpol_policy_vilt_task5_0811_0217_seed4_ratio0.9_9f3ea0
goal,img,False,cardpol,bc-cardpol-baseline_img_cam-agent,6,0,0.01,,0.8999999761581421,0.8999999761581421,libero_goal_bc_cardpol_policy_vilt_task6_0810_2153_seed0_ratio0.9_0f1c31
goal,img,False,cardpol,bc-cardpol-baseline_img_cam-agent,6,1,0.01,,1.0,0.8999999761581421,libero_goal_bc_cardpol_policy_vilt_task6_0810_2243_seed1_ratio0.9_fb4fa9
goal,img,False,cardpol,bc-cardpol-baseline_img_cam-agent,6,2,0.01,,0.699999988079071,1.0,libero_goal_bc_cardpol_policy_vilt_task6_0810_2331_seed2_ratio0.9_b0fd9c
goal,img,False,cardpol,bc-cardpol-baseline_img_cam-agent,6,3,0.01,,0.699999988079071,0.800000011920929,libero_goal_bc_cardpol_policy_vilt_task6_0811_0018_seed3_ratio0.9_22541b
goal,img,False,cardpol,bc-cardpol-baseline_img_cam-agent,6,4,0.01,,1.0,0.8999999761581421,libero_goal_bc_cardpol_policy_vilt_task6_0811_0104_seed4_ratio0.9_6f4638
goal,img,False,cardpol,bc-cardpol-baseline_img_cam-agent,7,0,0.01,,1.0,0.699999988079071,libero_goal_bc_cardpol_policy_vilt_task7_0810_2154_seed0_ratio0.9_49316c
goal,img,False,cardpol,bc-cardpol-baseline_img_cam-agent,7,1,0.01,,1.0,1.0,libero_goal_bc_cardpol_policy_vilt_task7_0810_2233_seed1_ratio0.9_7b5420
goal,img,False,cardpol,bc-cardpol-baseline_img_cam-agent,7,2,0.01,,1.0,1.0,libero_goal_bc_cardpol_policy_vilt_task7_0810_2309_seed2_ratio0.9_eb46b9
goal,img,False,cardpol,bc-cardpol-baseline_img_cam-agent,7,3,0.01,,1.0,1.0,libero_goal_bc_cardpol_policy_vilt_task7_0810_2346_seed3_ratio0.9_b7123b
goal,img,False,cardpol,bc-cardpol-baseline_img_cam-agent,7,4,0.01,,0.800000011920929,1.0,libero_goal_bc_cardpol_policy_vilt_task7_0811_0023_seed4_ratio0.9_26d335
goal,img,False,cardpol,bc-cardpol-baseline_img_cam-agent,8,0,0.01,,0.800000011920929,0.800000011920929,libero_goal_bc_cardpol_policy_vilt_task8_0810_2154_seed0_ratio0.9_6172eb
goal,img,False,cardpol,bc-cardpol-baseline_img_cam-agent,8,1,0.01,,0.5,0.800000011920929,libero_goal_bc_cardpol_policy_vilt_task8_0810_2239_seed1_ratio0.9_8bf246
goal,img,False,cardpol,bc-cardpol-baseline_img_cam-agent,8,2,0.01,,0.3000000119209289,0.800000011920929,libero_goal_bc_cardpol_policy_vilt_task8_0810_2322_seed2_ratio0.9_9df7e3
goal,img,False,cardpol,bc-cardpol-baseline_img_cam-agent,8,3,0.01,,0.8999999761581421,0.6000000238418579,libero_goal_bc_cardpol_policy_vilt_task8_0811_0007_seed3_ratio0.9_0f909f
goal,img,False,cardpol,bc-cardpol-baseline_img_cam-agent,8,4,0.01,,0.800000011920929,0.699999988079071,libero_goal_bc_cardpol_policy_vilt_task8_0811_0051_seed4_ratio0.9_5aabbe
goal,img,False,cardpol,bc-cardpol-baseline_img_cam-agent,9,0,0.01,,0.3000000119209289,0.5,libero_goal_bc_cardpol_policy_vilt_task9_0810_2154_seed0_ratio0.9_2181aa
goal,img,False,cardpol,bc-cardpol-baseline_img_cam-agent,9,1,0.01,,0.3000000119209289,0.699999988079071,libero_goal_bc_cardpol_policy_vilt_task9_0810_2306_seed1_ratio0.9_937332
goal,img,False,cardpol,bc-cardpol-baseline_img_cam-agent,9,2,0.01,,0.2000000029802322,0.3000000119209289,libero_goal_bc_cardpol_policy_vilt_task9_0811_0016_seed2_ratio0.9_1e3909
goal,img,False,cardpol,bc-cardpol-baseline_img_cam-agent,9,3,0.01,,0.5,0.800000011920929,libero_goal_bc_cardpol_policy_vilt_task9_0811_0126_seed3_ratio0.9_7a42a9
goal,img,False,cardpol,bc-cardpol-baseline_img_cam-agent,9,4,0.01,,0.699999988079071,0.4000000059604645,libero_goal_bc_cardpol_policy_vilt_task9_0811_0236_seed4_ratio0.9_114c87
object,img,False,cardpol,bc-cardpol-baseline_img_cam-agent,0,0,0.01,,1.0,1.0,libero_object_bc_cardpol_policy_vilt_task0_0811_0101_seed0_ratio0.9_dacc5a
object,img,False,cardpol,bc-cardpol-baseline_img_cam-agent,0,1,0.01,,1.0,1.0,libero_object_bc_cardpol_policy_vilt_task0_0811_0200_seed1_ratio0.9_40088d
object,img,False,cardpol,bc-cardpol-baseline_img_cam-agent,0,2,0.01,,0.5,0.8999999761581421,libero_object_bc_cardpol_policy_vilt_task0_0811_0300_seed2_ratio0.9_7de837
object,img,False,cardpol,bc-cardpol-baseline_img_cam-agent,0,3,0.01,,1.0,0.8999999761581421,libero_object_bc_cardpol_policy_vilt_task0_0811_0401_seed3_ratio0.9_56b888
object,img,False,cardpol,bc-cardpol-baseline_img_cam-agent,0,4,0.01,,1.0,1.0,libero_object_bc_cardpol_policy_vilt_task0_0811_0501_seed4_ratio0.9_d457fd
object,img,False,cardpol,bc-cardpol-baseline_img_cam-agent,1,0,0.01,,0.8999999761581421,0.5,libero_object_bc_cardpol_policy_vilt_task1_0811_0135_seed0_ratio0.9_ebd6e0
object,img,False,cardpol,bc-cardpol-baseline_img_cam-agent,1,1,0.01,,0.8999999761581421,0.8999999761581421,libero_object_bc_cardpol_policy_vilt_task1_0811_0235_seed1_ratio0.9_88d7f2
object,img,False,cardpol,bc-cardpol-baseline_img_cam-agent,1,2,0.01,,0.8999999761581421,0.6000000238418579,libero_object_bc_cardpol_policy_vilt_task1_0811_0334_seed2_ratio0.9_70015e
object,img,False,cardpol,bc-cardpol-baseline_img_cam-agent,1,3,0.01,,0.3000000119209289,0.699999988079071,libero_object_bc_cardpol_policy_vilt_task1_0811_0433_seed3_ratio0.9_6a2a95
object,img,False,cardpol,bc-cardpol-baseline_img_cam-agent,1,4,0.01,,0.6000000238418579,1.0,libero_object_bc_cardpol_policy_vilt_task1_0811_0533_seed4_ratio0.9_34ebb9
object,img,False,cardpol,bc-cardpol-baseline_img_cam-agent,2,0,0.01,,0.8999999761581421,1.0,libero_object_bc_cardpol_policy_vilt_task2_0811_0150_seed0_ratio0.9_90a961
object,img,False,cardpol,bc-cardpol-baseline_img_cam-agent,2,1,0.01,,0.8999999761581421,0.800000011920929,libero_object_bc_cardpol_policy_vilt_task2_0811_0244_seed1_ratio0.9_ca3dcc
object,img,False,cardpol,bc-cardpol-baseline_img_cam-agent,2,2,0.01,,1.0,0.8999999761581421,libero_object_bc_cardpol_policy_vilt_task2_0811_0338_seed2_ratio0.9_19aadd
object,img,False,cardpol,bc-cardpol-baseline_img_cam-agent,2,3,0.01,,0.6000000238418579,1.0,libero_object_bc_cardpol_policy_vilt_task2_0811_0431_seed3_ratio0.9_a15a53
object,img,False,cardpol,bc-cardpol-baseline_img_cam-agent,2,4,0.01,,1.0,1.0,libero_object_bc_cardpol_policy_vilt_task2_0811_0523_seed4_ratio0.9_8a73f3
object,img,False,cardpol,bc-cardpol-baseline_img_cam-agent,3,0,0.01,,0.6000000238418579,0.3000000119209289,libero_object_bc_cardpol_policy_vilt_task3_0811_0251_seed0_ratio0.9_a72ea3
object,img,False,cardpol,bc-cardpol-baseline_img_cam-agent,3,1,0.01,,0.4000000059604645,0.5,libero_object_bc_cardpol_policy_vilt_task3_0811_0350_seed1_ratio0.9_e036cc
object,img,False,cardpol,bc-cardpol-baseline_img_cam-agent,3,2,0.01,,0.8999999761581421,0.800000011920929,libero_object_bc_cardpol_policy_vilt_task3_0811_0449_seed2_ratio0.9_a24631
object,img,False,cardpol,bc-cardpol-baseline_img_cam-agent,3,3,0.01,,0.3000000119209289,0.5,libero_object_bc_cardpol_policy_vilt_task3_0811_0548_seed3_ratio0.9_2231c4
object,img,False,cardpol,bc-cardpol-baseline_img_cam-agent,3,4,0.01,,0.6000000238418579,0.3000000119209289,libero_object_bc_cardpol_policy_vilt_task3_0811_0647_seed4_ratio0.9_22893f
object,img,False,cardpol,bc-cardpol-baseline_img_cam-agent,4,0,0.01,,0.4000000059604645,0.3000000119209289,libero_object_bc_cardpol_policy_vilt_task4_0811_0322_seed0_ratio0.9_c5d137
object,img,False,cardpol,bc-cardpol-baseline_img_cam-agent,4,1,0.01,,0.0,0.800000011920929,libero_object_bc_cardpol_policy_vilt_task4_0811_0427_seed1_ratio0.9_e943d5
object,img,False,cardpol,bc-cardpol-baseline_img_cam-agent,4,2,0.01,,0.5,0.0,libero_object_bc_cardpol_policy_vilt_task4_0811_0531_seed2_ratio0.9_2efa41
object,img,False,cardpol,bc-cardpol-baseline_img_cam-agent,4,3,0.01,,0.1000000014901161,0.2000000029802322,libero_object_bc_cardpol_policy_vilt_task4_0811_0636_seed3_ratio0.9_958e7d
object,img,False,cardpol,bc-cardpol-baseline_img_cam-agent,4,4,0.01,,0.4000000059604645,0.3000000119209289,libero_object_bc_cardpol_policy_vilt_task4_0811_0740_seed4_ratio0.9_fcbf27
object,img,False,cardpol,bc-cardpol-baseline_img_cam-agent,5,0,0.01,,1.0,0.8999999761581421,libero_object_bc_cardpol_policy_vilt_task5_0811_0405_seed0_ratio0.9_e509b4
object,img,False,cardpol,bc-cardpol-baseline_img_cam-agent,5,1,0.01,,1.0,0.8999999761581421,libero_object_bc_cardpol_policy_vilt_task5_0811_0505_seed1_ratio0.9_63e5e2
object,img,False,cardpol,bc-cardpol-baseline_img_cam-agent,5,2,0.01,,1.0,0.5,libero_object_bc_cardpol_policy_vilt_task5_0811_0605_seed2_ratio0.9_c35569
object,img,False,cardpol,bc-cardpol-baseline_img_cam-agent,5,3,0.01,,0.8999999761581421,0.8999999761581421,libero_object_bc_cardpol_policy_vilt_task5_0811_0704_seed3_ratio0.9_af230a
object,img,False,cardpol,bc-cardpol-baseline_img_cam-agent,5,4,0.01,,0.699999988079071,1.0,libero_object_bc_cardpol_policy_vilt_task5_0811_0805_seed4_ratio0.9_3e3670
object,img,False,cardpol,bc-cardpol-baseline_img_cam-agent,6,0,0.01,,1.0,0.4000000059604645,libero_object_bc_cardpol_policy_vilt_task6_0811_0417_seed0_ratio0.9_a0174e
object,img,False,cardpol,bc-cardpol-baseline_img_cam-agent,6,1,0.01,,1.0,1.0,libero_object_bc_cardpol_policy_vilt_task6_0811_0521_seed1_ratio0.9_263c25
object,img,False,cardpol,bc-cardpol-baseline_img_cam-agent,6,2,0.01,,0.6000000238418579,1.0,libero_object_bc_cardpol_policy_vilt_task6_0811_0625_seed2_ratio0.9_4b112c
object,img,False,cardpol,bc-cardpol-baseline_img_cam-agent,6,3,0.01,,1.0,0.6000000238418579,libero_object_bc_cardpol_policy_vilt_task6_0811_0730_seed3_ratio0.9_fb77d7
object,img,False,cardpol,bc-cardpol-baseline_img_cam-agent,6,4,0.01,,1.0,0.6000000238418579,libero_object_bc_cardpol_policy_vilt_task6_0811_0833_seed4_ratio0.9_8b95cd
object,img,False,cardpol,bc-cardpol-baseline_img_cam-agent,7,0,0.01,,0.4000000059604645,0.8999999761581421,libero_object_bc_cardpol_policy_vilt_task7_0811_0437_seed0_ratio0.9_6f7a5a
object,img,False,cardpol,bc-cardpol-baseline_img_cam-agent,7,1,0.01,,0.2000000029802322,0.5,libero_object_bc_cardpol_policy_vilt_task7_0811_0538_seed1_ratio0.9_055ec4
object,img,False,cardpol,bc-cardpol-baseline_img_cam-agent,7,2,0.01,,0.699999988079071,1.0,libero_object_bc_cardpol_policy_vilt_task7_0811_0640_seed2_ratio0.9_e96c91
object,img,False,cardpol,bc-cardpol-baseline_img_cam-agent,7,3,0.01,,1.0,1.0,libero_object_bc_cardpol_policy_vilt_task7_0811_0741_seed3_ratio0.9_141d16
object,img,False,cardpol,bc-cardpol-baseline_img_cam-agent,7,4,0.01,,0.5,0.1000000014901161,libero_object_bc_cardpol_policy_vilt_task7_0811_0840_seed4_ratio0.9_4ef40d
object,img,False,cardpol,bc-cardpol-baseline_img_cam-agent,8,0,0.01,,0.8999999761581421,1.0,libero_object_bc_cardpol_policy_vilt_task8_0811_0600_seed0_ratio0.9_c6689c
object,img,False,cardpol,bc-cardpol-baseline_img_cam-agent,8,1,0.01,,1.0,0.2000000029802322,libero_object_bc_cardpol_policy_vilt_task8_0811_0703_seed1_ratio0.9_44c15f
object,img,False,cardpol,bc-cardpol-baseline_img_cam-agent,8,2,0.01,,0.4000000059604645,0.6000000238418579,libero_object_bc_cardpol_policy_vilt_task8_0811_0805_seed2_ratio0.9_16a2cb
object,img,False,cardpol,bc-cardpol-baseline_img_cam-agent,8,3,0.01,,1.0,0.8999999761581421,libero_object_bc_cardpol_policy_vilt_task8_0811_0908_seed3_ratio0.9_22f0f3
object,img,False,cardpol,bc-cardpol-baseline_img_cam-agent,8,4,0.01,,0.8999999761581421,1.0,libero_object_bc_cardpol_policy_vilt_task8_0811_1009_seed4_ratio0.9_2dfb57
object,img,False,cardpol,bc-cardpol-baseline_img_cam-agent,9,0,0.01,,0.5,1.0,libero_object_bc_cardpol_policy_vilt_task9_0811_0616_seed0_ratio0.9_9e872f
object,img,False,cardpol,bc-cardpol-baseline_img_cam-agent,9,1,0.01,,0.0,1.0,libero_object_bc_cardpol_policy_vilt_task9_0811_0714_seed1_ratio0.9_ae9ffa
object,img,False,cardpol,bc-cardpol-baseline_img_cam-agent,9,2,0.01,,1.0,1.0,libero_object_bc_cardpol_policy_vilt_task9_0811_0811_seed2_ratio0.9_f2759a
object,img,False,cardpol,bc-cardpol-baseline_img_cam-agent,9,3,0.01,,0.6000000238418579,0.699999988079071,libero_object_bc_cardpol_policy_vilt_task9_0811_0909_seed3_ratio0.9_67e75e
object,img,False,cardpol,bc-cardpol-baseline_img_cam-agent,9,4,0.01,,0.6000000238418579,0.4000000059604645,libero_object_bc_cardpol_policy_vilt_task9_0811_1007_seed4_ratio0.9_a594e5
spatial,img,False,cardpol,bc-cardpol-baseline_img_cam-agent,0,0,0.01,,0.6000000238418579,0.699999988079071,libero_spatial_bc_cardpol_policy_vilt_task0_0811_0711_seed0_ratio0.9_60e79f
spatial,img,False,cardpol,bc-cardpol-baseline_img_cam-agent,0,1,0.01,,0.2000000029802322,0.6000000238418579,libero_spatial_bc_cardpol_policy_vilt_task0_0811_0804_seed1_ratio0.9_3ad6e5
spatial,img,False,cardpol,bc-cardpol-baseline_img_cam-agent,0,2,0.01,,0.699999988079071,0.800000011920929,libero_spatial_bc_cardpol_policy_vilt_task0_0811_0855_seed2_ratio0.9_a74caa
spatial,img,False,cardpol,bc-cardpol-baseline_img_cam-agent,0,3,0.01,,0.6000000238418579,0.6000000238418579,libero_spatial_bc_cardpol_policy_vilt_task0_0811_0947_seed3_ratio0.9_8f8379
spatial,img,False,cardpol,bc-cardpol-baseline_img_cam-agent,0,4,0.01,,0.8999999761581421,0.6000000238418579,libero_spatial_bc_cardpol_policy_vilt_task0_0811_1037_seed4_ratio0.9_a85729
spatial,img,False,cardpol,bc-cardpol-baseline_img_cam-agent,1,0,0.01,,1.0,1.0,libero_spatial_bc_cardpol_policy_vilt_task1_0811_0754_seed0_ratio0.9_67d351
spatial,img,False,cardpol,bc-cardpol-baseline_img_cam-agent,1,1,0.01,,0.800000011920929,0.8999999761581421,libero_spatial_bc_cardpol_policy_vilt_task1_0811_0852_seed1_ratio0.9_606dc5
spatial,img,False,cardpol,bc-cardpol-baseline_img_cam-agent,1,2,0.01,,1.0,0.699999988079071,libero_spatial_bc_cardpol_policy_vilt_task1_0811_0952_seed2_ratio0.9_056fa6
spatial,img,False,cardpol,bc-cardpol-baseline_img_cam-agent,1,3,0.01,,1.0,1.0,libero_spatial_bc_cardpol_policy_vilt_task1_0811_1052_seed3_ratio0.9_216a18
spatial,img,False,cardpol,bc-cardpol-baseline_img_cam-agent,1,4,0.01,,0.800000011920929,0.6000000238418579,libero_spatial_bc_cardpol_policy_vilt_task1_0811_1152_seed4_ratio0.9_258a23
spatial,img,False,cardpol,bc-cardpol-baseline_img_cam-agent,2,0,0.01,,0.800000011920929,1.0,libero_spatial_bc_cardpol_policy_vilt_task2_0811_0905_seed0_ratio0.9_4daf43
spatial,img,False,cardpol,bc-cardpol-baseline_img_cam-agent,2,1,0.01,,1.0,0.6000000238418579,libero_spatial_bc_cardpol_policy_vilt_task2_0811_0958_seed1_ratio0.9_178251
spatial,img,False,cardpol,bc-cardpol-baseline_img_cam-agent,2,2,0.01,,0.800000011920929,1.0,libero_spatial_bc_cardpol_policy_vilt_task2_0811_1050_seed2_ratio0.9_50fab1
spatial,img,False,cardpol,bc-cardpol-baseline_img_cam-agent,2,3,0.01,,1.0,0.699999988079071,libero_spatial_bc_cardpol_policy_vilt_task2_0811_1144_seed3_ratio0.9_84007c
spatial,img,False,cardpol,bc-cardpol-baseline_img_cam-agent,2,4,0.01,,0.8999999761581421,0.5,libero_spatial_bc_cardpol_policy_vilt_task2_0811_1236_seed4_ratio0.9_45cd8f
spatial,img,False,cardpol,bc-cardpol-baseline_img_cam-agent,3,0,0.01,,0.0,1.0,libero_spatial_bc_cardpol_policy_vilt_task3_0811_0942_seed0_ratio0.9_c65719
spatial,img,False,cardpol,bc-cardpol-baseline_img_cam-agent,3,1,0.01,,0.5,0.800000011920929,libero_spatial_bc_cardpol_policy_vilt_task3_0811_1030_seed1_ratio0.9_c0db29
spatial,img,False,cardpol,bc-cardpol-baseline_img_cam-agent,3,2,0.01,,0.0,0.800000011920929,libero_spatial_bc_cardpol_policy_vilt_task3_0811_1120_seed2_ratio0.9_59b4f9
spatial,img,False,cardpol,bc-cardpol-baseline_img_cam-agent,3,3,0.01,,0.2000000029802322,0.699999988079071,libero_spatial_bc_cardpol_policy_vilt_task3_0811_1210_seed3_ratio0.9_e422f5
spatial,img,False,cardpol,bc-cardpol-baseline_img_cam-agent,3,4,0.01,,0.4000000059604645,0.1000000014901161,libero_spatial_bc_cardpol_policy_vilt_task3_0811_1301_seed4_ratio0.9_c71d04
spatial,img,False,cardpol,bc-cardpol-baseline_img_cam-agent,4,0,0.01,,0.2000000029802322,0.5,libero_spatial_bc_cardpol_policy_vilt_task4_0811_0950_seed0_ratio0.9_123aaa
spatial,img,False,cardpol,bc-cardpol-baseline_img_cam-agent,4,1,0.01,,0.0,0.3000000119209289,libero_spatial_bc_cardpol_policy_vilt_task4_0811_1059_seed1_ratio0.9_763ab6
spatial,img,False,cardpol,bc-cardpol-baseline_img_cam-agent,4,2,0.01,,0.1000000014901161,0.5,libero_spatial_bc_cardpol_policy_vilt_task4_0811_1208_seed2_ratio0.9_d9c648
spatial,img,False,cardpol,bc-cardpol-baseline_img_cam-agent,4,3,0.01,,0.0,0.1000000014901161,libero_spatial_bc_cardpol_policy_vilt_task4_0811_1316_seed3_ratio0.9_9db944
spatial,img,False,cardpol,bc-cardpol-baseline_img_cam-agent,4,4,0.01,,0.2000000029802322,0.2000000029802322,libero_spatial_bc_cardpol_policy_vilt_task4_0811_1426_seed4_ratio0.9_835dcb
spatial,img,False,cardpol,bc-cardpol-baseline_img_cam-agent,5,0,0.01,,0.3000000119209289,0.3000000119209289,libero_spatial_bc_cardpol_policy_vilt_task5_0811_1043_seed0_ratio0.9_026f15
spatial,img,False,cardpol,bc-cardpol-baseline_img_cam-agent,5,1,0.01,,1.0,0.800000011920929,libero_spatial_bc_cardpol_policy_vilt_task5_0811_1150_seed1_ratio0.9_59d928
spatial,img,False,cardpol,bc-cardpol-baseline_img_cam-agent,5,2,0.01,,0.5,0.5,libero_spatial_bc_cardpol_policy_vilt_task5_0811_1256_seed2_ratio0.9_7454b4
spatial,img,False,cardpol,bc-cardpol-baseline_img_cam-agent,5,3,0.01,,0.2000000029802322,0.699999988079071,libero_spatial_bc_cardpol_policy_vilt_task5_0811_1403_seed3_ratio0.9_6eb4a2
spatial,img,False,cardpol,bc-cardpol-baseline_img_cam-agent,5,4,0.01,,0.5,1.0,libero_spatial_bc_cardpol_policy_vilt_task5_0811_1509_seed4_ratio0.9_1e71f0
spatial,img,False,cardpol,bc-cardpol-baseline_img_cam-agent,6,0,0.01,,0.8999999761581421,0.6000000238418579,libero_spatial_bc_cardpol_policy_vilt_task6_0811_1110_seed0_ratio0.9_b85081
spatial,img,False,cardpol,bc-cardpol-baseline_img_cam-agent,6,1,0.01,,1.0,1.0,libero_spatial_bc_cardpol_policy_vilt_task6_0811_1206_seed1_ratio0.9_7cf5dc
spatial,img,False,cardpol,bc-cardpol-baseline_img_cam-agent,6,2,0.01,,0.4000000059604645,0.8999999761581421,libero_spatial_bc_cardpol_policy_vilt_task6_0811_1259_seed2_ratio0.9_42728d
spatial,img,False,cardpol,bc-cardpol-baseline_img_cam-agent,6,3,0.01,,0.4000000059604645,0.699999988079071,libero_spatial_bc_cardpol_policy_vilt_task6_0811_1355_seed3_ratio0.9_5c135f
spatial,img,False,cardpol,bc-cardpol-baseline_img_cam-agent,6,4,0.01,,0.8999999761581421,1.0,libero_spatial_bc_cardpol_policy_vilt_task6_0811_1450_seed4_ratio0.9_e2435d
spatial,img,False,cardpol,bc-cardpol-baseline_img_cam-agent,7,0,0.01,,0.6000000238418579,0.699999988079071,libero_spatial_bc_cardpol_policy_vilt_task7_0812_0827_seed0_ratio0.9_91f423
spatial,img,False,cardpol,bc-cardpol-baseline_img_cam-agent,7,1,0.01,,0.800000011920929,0.699999988079071,libero_spatial_bc_cardpol_policy_vilt_task7_0812_0934_seed1_ratio0.9_6b5b78
spatial,img,False,cardpol,bc-cardpol-baseline_img_cam-agent,7,2,0.01,,0.699999988079071,0.800000011920929,libero_spatial_bc_cardpol_policy_vilt_task7_0812_1039_seed2_ratio0.9_a0f4c3
spatial,img,False,cardpol,bc-cardpol-baseline_img_cam-agent,7,3,0.01,,1.0,0.2000000029802322,libero_spatial_bc_cardpol_policy_vilt_task7_0812_1144_seed3_ratio0.9_d10072
spatial,img,False,cardpol,bc-cardpol-baseline_img_cam-agent,7,4,0.01,,0.4000000059604645,0.3000000119209289,libero_spatial_bc_cardpol_policy_vilt_task7_0812_1248_seed4_ratio0.9_a94ced
spatial,img,False,cardpol,bc-cardpol-baseline_img_cam-agent,8,0,0.01,,0.6000000238418579,0.699999988079071,libero_spatial_bc_cardpol_policy_vilt_task8_0812_0827_seed0_ratio0.9_582e84
spatial,img,False,cardpol,bc-cardpol-baseline_img_cam-agent,8,1,0.01,,0.2000000029802322,0.699999988079071,libero_spatial_bc_cardpol_policy_vilt_task8_0812_0938_seed1_ratio0.9_7b43c9
spatial,img,False,cardpol,bc-cardpol-baseline_img_cam-agent,8,2,0.01,,0.6000000238418579,0.1000000014901161,libero_spatial_bc_cardpol_policy_vilt_task8_0812_1047_seed2_ratio0.9_b00fb4
spatial,img,False,cardpol,bc-cardpol-baseline_img_cam-agent,8,3,0.01,,0.6000000238418579,0.699999988079071,libero_spatial_bc_cardpol_policy_vilt_task8_0812_1155_seed3_ratio0.9_ec86d4
spatial,img,False,cardpol,bc-cardpol-baseline_img_cam-agent,8,4,0.01,,0.5,0.2000000029802322,libero_spatial_bc_cardpol_policy_vilt_task8_0812_1302_seed4_ratio0.9_994600
spatial,img,False,cardpol,bc-cardpol-baseline_img_cam-agent,9,0,0.01,,0.1000000014901161,0.1000000014901161,libero_spatial_bc_cardpol_policy_vilt_task9_0812_0827_seed0_ratio0.9_31e96d
spatial,img,False,cardpol,bc-cardpol-baseline_img_cam-agent,9,1,0.01,,0.1000000014901161,0.1000000014901161,libero_spatial_bc_cardpol_policy_vilt_task9_0812_0932_seed1_ratio0.9_9bf63b
spatial,img,False,cardpol,bc-cardpol-baseline_img_cam-agent,9,2,0.01,,0.0,0.3000000119209289,libero_spatial_bc_cardpol_policy_vilt_task9_0812_1033_seed2_ratio0.9_d32ce1
spatial,img,False,cardpol,bc-cardpol-baseline_img_cam-agent,9,3,0.01,,0.0,0.3000000119209289,libero_spatial_bc_cardpol_policy_vilt_task9_0812_1135_seed3_ratio0.9_3c8b9a
spatial,img,False,cardpol,bc-cardpol-baseline_img_cam-agent,9,4,0.01,,0.3000000119209289,0.1000000014901161,libero_spatial_bc_cardpol_policy_vilt_task9_0812_1236_seed4_ratio0.9_3f3b00
goal,img,True,cardpol,bc-cardpol-baseline_img_cam-agent_distract,0,0,0.01,,0.6000000238418579,0.6000000238418579,libero_goal_bc_cardpol_policy_vilt_task0_0810_2154_seed0_ratio0.9_8a8763
goal,img,True,cardpol,bc-cardpol-baseline_img_cam-agent_distract,0,1,0.01,,0.699999988079071,0.699999988079071,libero_goal_bc_cardpol_policy_vilt_task0_0810_2335_seed1_ratio0.9_a17979
goal,img,True,cardpol,bc-cardpol-baseline_img_cam-agent_distract,0,2,0.01,,0.699999988079071,0.699999988079071,libero_goal_bc_cardpol_policy_vilt_task0_0811_0115_seed2_ratio0.9_65c97b
goal,img,True,cardpol,bc-cardpol-baseline_img_cam-agent_distract,0,3,0.01,,0.6000000238418579,0.6000000238418579,libero_goal_bc_cardpol_policy_vilt_task0_0811_0256_seed3_ratio0.9_7d315d
goal,img,True,cardpol,bc-cardpol-baseline_img_cam-agent_distract,0,4,0.01,,0.699999988079071,0.699999988079071,libero_goal_bc_cardpol_policy_vilt_task0_0811_0436_seed4_ratio0.9_386bc1
goal,img,True,cardpol,bc-cardpol-baseline_img_cam-agent_distract,1,0,0.01,,1.0,1.0,libero_goal_bc_cardpol_policy_vilt_task1_0810_2154_seed0_ratio0.9_6d4434
goal,img,True,cardpol,bc-cardpol-baseline_img_cam-agent_distract,1,1,0.01,,1.0,1.0,libero_goal_bc_cardpol_policy_vilt_task1_0810_2313_seed1_ratio0.9_155b84
goal,img,True,cardpol,bc-cardpol-baseline_img_cam-agent_distract,1,2,0.01,,1.0,1.0,libero_goal_bc_cardpol_policy_vilt_task1_0811_0029_seed2_ratio0.9_acde3a
goal,img,True,cardpol,bc-cardpol-baseline_img_cam-agent_distract,1,3,0.01,,0.8999999761581421,0.8999999761581421,libero_goal_bc_cardpol_policy_vilt_task1_0811_0144_seed3_ratio0.9_6ede41
goal,img,True,cardpol,bc-cardpol-baseline_img_cam-agent_distract,1,4,0.01,,1.0,1.0,libero_goal_bc_cardpol_policy_vilt_task1_0811_0303_seed4_ratio0.9_e781d1
goal,img,True,cardpol,bc-cardpol-baseline_img_cam-agent_distract,2,0,0.01,,0.2000000029802322,0.2000000029802322,libero_goal_bc_cardpol_policy_vilt_task2_0810_2154_seed0_ratio0.9_f52619
goal,img,True,cardpol,bc-cardpol-baseline_img_cam-agent_distract,2,1,0.01,,0.2000000029802322,0.2000000029802322,libero_goal_bc_cardpol_policy_vilt_task2_0810_2315_seed1_ratio0.9_199a00
goal,img,True,cardpol,bc-cardpol-baseline_img_cam-agent_distract,2,2,0.01,,0.699999988079071,0.699999988079071,libero_goal_bc_cardpol_policy_vilt_task2_0811_0036_seed2_ratio0.9_103311
goal,img,True,cardpol,bc-cardpol-baseline_img_cam-agent_distract,2,3,0.01,,0.3000000119209289,0.3000000119209289,libero_goal_bc_cardpol_policy_vilt_task2_0811_0156_seed3_ratio0.9_ff4369
goal,img,True,cardpol,bc-cardpol-baseline_img_cam-agent_distract,2,4,0.01,,0.800000011920929,0.800000011920929,libero_goal_bc_cardpol_policy_vilt_task2_0811_0317_seed4_ratio0.9_6a68ff
goal,img,True,cardpol,bc-cardpol-baseline_img_cam-agent_distract,3,0,0.01,,0.5,0.5,libero_goal_bc_cardpol_policy_vilt_task3_0810_2154_seed0_ratio0.9_49e4ee
goal,img,True,cardpol,bc-cardpol-baseline_img_cam-agent_distract,3,1,0.01,,0.5,0.5,libero_goal_bc_cardpol_policy_vilt_task3_0811_0018_seed1_ratio0.9_0b8038
goal,img,True,cardpol,bc-cardpol-baseline_img_cam-agent_distract,3,2,0.01,,0.2000000029802322,0.2000000029802322,libero_goal_bc_cardpol_policy_vilt_task3_0811_0242_seed2_ratio0.9_f292df
goal,img,True,cardpol,bc-cardpol-baseline_img_cam-agent_distract,3,3,0.01,,0.2000000029802322,0.2000000029802322,libero_goal_bc_cardpol_policy_vilt_task3_0811_0506_seed3_ratio0.9_1c62ad
goal,img,True,cardpol,bc-cardpol-baseline_img_cam-agent_distract,3,4,0.01,,0.4000000059604645,0.4000000059604645,libero_goal_bc_cardpol_policy_vilt_task3_0811_0726_seed4_ratio0.9_714552
goal,img,True,cardpol,bc-cardpol-baseline_img_cam-agent_distract,4,0,0.01,,0.8999999761581421,0.8999999761581421,libero_goal_bc_cardpol_policy_vilt_task4_0810_2153_seed0_ratio0.9_5b63b7
goal,img,True,cardpol,bc-cardpol-baseline_img_cam-agent_distract,4,1,0.01,,0.8999999761581421,0.8999999761581421,libero_goal_bc_cardpol_policy_vilt_task4_0810_2311_seed1_ratio0.9_cc1104
goal,img,True,cardpol,bc-cardpol-baseline_img_cam-agent_distract,4,2,0.01,,1.0,1.0,libero_goal_bc_cardpol_policy_vilt_task4_0811_0028_seed2_ratio0.9_67c5ab
goal,img,True,cardpol,bc-cardpol-baseline_img_cam-agent_distract,4,3,0.01,,0.699999988079071,0.699999988079071,libero_goal_bc_cardpol_policy_vilt_task4_0811_0143_seed3_ratio0.9_380422
goal,img,True,cardpol,bc-cardpol-baseline_img_cam-agent_distract,4,4,0.01,,0.8999999761581421,0.8999999761581421,libero_goal_bc_cardpol_policy_vilt_task4_0811_0259_seed4_ratio0.9_f6ddb4
goal,img,True,cardpol,bc-cardpol-baseline_img_cam-agent_distract,5,0,0.01,,0.699999988079071,0.699999988079071,libero_goal_bc_cardpol_policy_vilt_task5_0810_2153_seed0_ratio0.9_34a1ff
goal,img,True,cardpol,bc-cardpol-baseline_img_cam-agent_distract,5,1,0.01,,0.699999988079071,0.699999988079071,libero_goal_bc_cardpol_policy_vilt_task5_0810_2347_seed1_ratio0.9_27d4d2
goal,img,True,cardpol,bc-cardpol-baseline_img_cam-agent_distract,5,2,0.01,,0.800000011920929,0.800000011920929,libero_goal_bc_cardpol_policy_vilt_task5_0811_0138_seed2_ratio0.9_2f2316
goal,img,True,cardpol,bc-cardpol-baseline_img_cam-agent_distract,5,3,0.01,,0.6000000238418579,0.6000000238418579,libero_goal_bc_cardpol_policy_vilt_task5_0811_0329_seed3_ratio0.9_c59666
goal,img,True,cardpol,bc-cardpol-baseline_img_cam-agent_distract,5,4,0.01,,0.6000000238418579,0.6000000238418579,libero_goal_bc_cardpol_policy_vilt_task5_0811_0520_seed4_ratio0.9_b819bf
goal,img,True,cardpol,bc-cardpol-baseline_img_cam-agent_distract,6,0,0.01,,0.8999999761581421,0.8999999761581421,libero_goal_bc_cardpol_policy_vilt_task6_0810_2154_seed0_ratio0.9_a209a6
goal,img,True,cardpol,bc-cardpol-baseline_img_cam-agent_distract,6,1,0.01,,0.699999988079071,0.699999988079071,libero_goal_bc_cardpol_policy_vilt_task6_0810_2314_seed1_ratio0.9_c5147e
goal,img,True,cardpol,bc-cardpol-baseline_img_cam-agent_distract,6,2,0.01,,1.0,1.0,libero_goal_bc_cardpol_policy_vilt_task6_0811_0033_seed2_ratio0.9_bd04f7
goal,img,True,cardpol,bc-cardpol-baseline_img_cam-agent_distract,6,3,0.01,,0.699999988079071,0.699999988079071,libero_goal_bc_cardpol_policy_vilt_task6_0811_0149_seed3_ratio0.9_23b991
goal,img,True,cardpol,bc-cardpol-baseline_img_cam-agent_distract,6,4,0.01,,0.8999999761581421,0.8999999761581421,libero_goal_bc_cardpol_policy_vilt_task6_0811_0308_seed4_ratio0.9_c7bfa7
goal,img,True,cardpol,bc-cardpol-baseline_img_cam-agent_distract,7,0,0.01,,1.0,1.0,libero_goal_bc_cardpol_policy_vilt_task7_0810_2154_seed0_ratio0.9_5ea5a0
goal,img,True,cardpol,bc-cardpol-baseline_img_cam-agent_distract,7,1,0.01,,1.0,1.0,libero_goal_bc_cardpol_policy_vilt_task7_0810_2301_seed1_ratio0.9_1d639d
goal,img,True,cardpol,bc-cardpol-baseline_img_cam-agent_distract,7,2,0.01,,1.0,1.0,libero_goal_bc_cardpol_policy_vilt_task7_0811_0007_seed2_ratio0.9_10a86a
goal,img,True,cardpol,bc-cardpol-baseline_img_cam-agent_distract,7,3,0.01,,1.0,1.0,libero_goal_bc_cardpol_policy_vilt_task7_0811_0111_seed3_ratio0.9_b9d5fa
goal,img,True,cardpol,bc-cardpol-baseline_img_cam-agent_distract,7,4,0.01,,1.0,1.0,libero_goal_bc_cardpol_policy_vilt_task7_0811_0216_seed4_ratio0.9_b996a6
goal,img,True,cardpol,bc-cardpol-baseline_img_cam-agent_distract,8,0,0.01,,1.0,1.0,libero_goal_bc_cardpol_policy_vilt_task8_0810_2154_seed0_ratio0.9_4fd408
goal,img,True,cardpol,bc-cardpol-baseline_img_cam-agent_distract,8,1,0.01,,0.800000011920929,0.800000011920929,libero_goal_bc_cardpol_policy_vilt_task8_0810_2307_seed1_ratio0.9_b2773e
goal,img,True,cardpol,bc-cardpol-baseline_img_cam-agent_distract,8,2,0.01,,0.800000011920929,0.800000011920929,libero_goal_bc_cardpol_policy_vilt_task8_0811_0021_seed2_ratio0.9_1db2ee
goal,img,True,cardpol,bc-cardpol-baseline_img_cam-agent_distract,8,3,0.01,,0.4000000059604645,0.4000000059604645,libero_goal_bc_cardpol_policy_vilt_task8_0811_0136_seed3_ratio0.9_5f80f9
goal,img,True,cardpol,bc-cardpol-baseline_img_cam-agent_distract,8,4,0.01,,0.6000000238418579,0.6000000238418579,libero_goal_bc_cardpol_policy_vilt_task8_0811_0251_seed4_ratio0.9_51c5bb
goal,img,True,cardpol,bc-cardpol-baseline_img_cam-agent_distract,9,0,0.01,,0.5,0.5,libero_goal_bc_cardpol_policy_vilt_task9_0810_2154_seed0_ratio0.9_0404b2
goal,img,True,cardpol,bc-cardpol-baseline_img_cam-agent_distract,9,1,0.01,,0.699999988079071,0.699999988079071,libero_goal_bc_cardpol_policy_vilt_task9_0810_2356_seed1_ratio0.9_1f4ae9
goal,img,True,cardpol,bc-cardpol-baseline_img_cam-agent_distract,9,2,0.01,,0.3000000119209289,0.3000000119209289,libero_goal_bc_cardpol_policy_vilt_task9_0811_0155_seed2_ratio0.9_d180dd
goal,img,True,cardpol,bc-cardpol-baseline_img_cam-agent_distract,9,3,0.01,,0.1000000014901161,0.1000000014901161,libero_goal_bc_cardpol_policy_vilt_task9_0811_0354_seed3_ratio0.9_d9892c
goal,img,True,cardpol,bc-cardpol-baseline_img_cam-agent_distract,9,4,0.01,,0.2000000029802322,0.2000000029802322,libero_goal_bc_cardpol_policy_vilt_task9_0811_0554_seed4_ratio0.9_5b34c9
object,img,True,cardpol,bc-cardpol-baseline_img_cam-agent_distract,0,0,0.01,,0.8999999761581421,0.8999999761581421,libero_object_bc_cardpol_policy_vilt_task0_0811_0129_seed0_ratio0.9_9eb403
object,img,True,cardpol,bc-cardpol-baseline_img_cam-agent_distract,0,1,0.01,,0.5,0.5,libero_object_bc_cardpol_policy_vilt_task0_0811_0315_seed1_ratio0.9_cfc183
object,img,True,cardpol,bc-cardpol-baseline_img_cam-agent_distract,0,2,0.01,,0.800000011920929,0.800000011920929,libero_object_bc_cardpol_policy_vilt_task0_0811_0500_seed2_ratio0.9_37ca2c
object,img,True,cardpol,bc-cardpol-baseline_img_cam-agent_distract,0,3,0.01,,0.800000011920929,0.800000011920929,libero_object_bc_cardpol_policy_vilt_task0_0811_0645_seed3_ratio0.9_379540
object,img,True,cardpol,bc-cardpol-baseline_img_cam-agent_distract,0,4,0.01,,0.699999988079071,0.699999988079071,libero_object_bc_cardpol_policy_vilt_task0_0811_0830_seed4_ratio0.9_9eec65
object,img,True,cardpol,bc-cardpol-baseline_img_cam-agent_distract,1,0,0.01,,0.8999999761581421,0.8999999761581421,libero_object_bc_cardpol_policy_vilt_task1_0811_0136_seed0_ratio0.9_970ed8
object,img,True,cardpol,bc-cardpol-baseline_img_cam-agent_distract,1,1,0.01,,0.5,0.5,libero_object_bc_cardpol_policy_vilt_task1_0811_0315_seed1_ratio0.9_153784
object,img,True,cardpol,bc-cardpol-baseline_img_cam-agent_distract,1,2,0.01,,0.3000000119209289,0.3000000119209289,libero_object_bc_cardpol_policy_vilt_task1_0811_0452_seed2_ratio0.9_aad884
object,img,True,cardpol,bc-cardpol-baseline_img_cam-agent_distract,1,3,0.01,,0.6000000238418579,0.6000000238418579,libero_object_bc_cardpol_policy_vilt_task1_0811_0630_seed3_ratio0.9_bfe055
object,img,True,cardpol,bc-cardpol-baseline_img_cam-agent_distract,1,4,0.01,,0.4000000059604645,0.4000000059604645,libero_object_bc_cardpol_policy_vilt_task1_0811_0808_seed4_ratio0.9_0b2438
object,img,True,cardpol,bc-cardpol-baseline_img_cam-agent_distract,2,0,0.01,,0.8999999761581421,0.8999999761581421,libero_object_bc_cardpol_policy_vilt_task2_0811_0157_seed0_ratio0.9_d68064
object,img,True,cardpol,bc-cardpol-baseline_img_cam-agent_distract,2,1,0.01,,0.8999999761581421,0.8999999761581421,libero_object_bc_cardpol_policy_vilt_task2_0811_0343_seed1_ratio0.9_acb0ea
object,img,True,cardpol,bc-cardpol-baseline_img_cam-agent_distract,2,2,0.01,,0.6000000238418579,0.6000000238418579,libero_object_bc_cardpol_policy_vilt_task2_0811_0529_seed2_ratio0.9_b2dcfc
object,img,True,cardpol,bc-cardpol-baseline_img_cam-agent_distract,2,3,0.01,,0.699999988079071,0.699999988079071,libero_object_bc_cardpol_policy_vilt_task2_0811_0713_seed3_ratio0.9_6f963b
object,img,True,cardpol,bc-cardpol-baseline_img_cam-agent_distract,2,4,0.01,,0.8999999761581421,0.8999999761581421,libero_object_bc_cardpol_policy_vilt_task2_0811_0858_seed4_ratio0.9_bf34e8
object,img,True,cardpol,bc-cardpol-baseline_img_cam-agent_distract,3,0,0.01,,0.699999988079071,0.699999988079071,libero_object_bc_cardpol_policy_vilt_task3_0811_0324_seed0_ratio0.9_127a91
object,img,True,cardpol,bc-cardpol-baseline_img_cam-agent_distract,3,1,0.01,,0.800000011920929,0.800000011920929,libero_object_bc_cardpol_policy_vilt_task3_0811_0508_seed1_ratio0.9_8b6045
object,img,True,cardpol,bc-cardpol-baseline_img_cam-agent_distract,3,2,0.01,,0.5,0.5,libero_object_bc_cardpol_policy_vilt_task3_0811_0650_seed2_ratio0.9_9e04f1
object,img,True,cardpol,bc-cardpol-baseline_img_cam-agent_distract,3,3,0.01,,0.3000000119209289,0.3000000119209289,libero_object_bc_cardpol_policy_vilt_task3_0811_0832_seed3_ratio0.9_b9c476
object,img,True,cardpol,bc-cardpol-baseline_img_cam-agent_distract,3,4,0.01,,0.800000011920929,0.800000011920929,libero_object_bc_cardpol_policy_vilt_task3_0811_1013_seed4_ratio0.9_64473b
object,img,True,cardpol,bc-cardpol-baseline_img_cam-agent_distract,4,0,0.01,,0.5,0.5,libero_object_bc_cardpol_policy_vilt_task4_0811_0346_seed0_ratio0.9_b339ab
object,img,True,cardpol,bc-cardpol-baseline_img_cam-agent_distract,4,1,0.01,,0.8999999761581421,0.8999999761581421,libero_object_bc_cardpol_policy_vilt_task4_0811_0536_seed1_ratio0.9_869727
object,img,True,cardpol,bc-cardpol-baseline_img_cam-agent_distract,4,2,0.01,,0.5,0.5,libero_object_bc_cardpol_policy_vilt_task4_0811_0725_seed2_ratio0.9_dba23a
object,img,True,cardpol,bc-cardpol-baseline_img_cam-agent_distract,4,3,0.01,,0.0,0.0,libero_object_bc_cardpol_policy_vilt_task4_0811_0914_seed3_ratio0.9_2c1b41
object,img,True,cardpol,bc-cardpol-baseline_img_cam-agent_distract,4,4,0.01,,0.699999988079071,0.699999988079071,libero_object_bc_cardpol_policy_vilt_task4_0811_1103_seed4_ratio0.9_74cb2a
object,img,True,cardpol,bc-cardpol-baseline_img_cam-agent_distract,5,0,0.01,,0.5,0.5,libero_object_bc_cardpol_policy_vilt_task5_0811_0414_seed0_ratio0.9_5b3757
object,img,True,cardpol,bc-cardpol-baseline_img_cam-agent_distract,5,1,0.01,,0.800000011920929,0.800000011920929,libero_object_bc_cardpol_policy_vilt_task5_0811_0556_seed1_ratio0.9_9e705d
object,img,True,cardpol,bc-cardpol-baseline_img_cam-agent_distract,5,2,0.01,,0.800000011920929,0.800000011920929,libero_object_bc_cardpol_policy_vilt_task5_0811_0738_seed2_ratio0.9_f0ea1c
object,img,True,cardpol,bc-cardpol-baseline_img_cam-agent_distract,5,3,0.01,,0.699999988079071,0.699999988079071,libero_object_bc_cardpol_policy_vilt_task5_0811_0919_seed3_ratio0.9_30f03c
object,img,True,cardpol,bc-cardpol-baseline_img_cam-agent_distract,5,4,0.01,,0.800000011920929,0.800000011920929,libero_object_bc_cardpol_policy_vilt_task5_0811_1101_seed4_ratio0.9_3b5b4a
object,img,True,cardpol,bc-cardpol-baseline_img_cam-agent_distract,6,0,0.01,,0.800000011920929,0.800000011920929,libero_object_bc_cardpol_policy_vilt_task6_0811_0427_seed0_ratio0.9_8b83b5
object,img,True,cardpol,bc-cardpol-baseline_img_cam-agent_distract,6,1,0.01,,1.0,1.0,libero_object_bc_cardpol_policy_vilt_task6_0811_0613_seed1_ratio0.9_45388d
object,img,True,cardpol,bc-cardpol-baseline_img_cam-agent_distract,6,2,0.01,,0.3000000119209289,0.3000000119209289,libero_object_bc_cardpol_policy_vilt_task6_0811_0759_seed2_ratio0.9_d50e42
object,img,True,cardpol,bc-cardpol-baseline_img_cam-agent_distract,6,3,0.01,,0.4000000059604645,0.4000000059604645,libero_object_bc_cardpol_policy_vilt_task6_0811_0946_seed3_ratio0.9_06519c
object,img,True,cardpol,bc-cardpol-baseline_img_cam-agent_distract,6,4,0.01,,0.5,0.5,libero_object_bc_cardpol_policy_vilt_task6_0811_1133_seed4_ratio0.9_c0d59c
object,img,True,cardpol,bc-cardpol-baseline_img_cam-agent_distract,7,0,0.01,,0.699999988079071,0.699999988079071,libero_object_bc_cardpol_policy_vilt_task7_0811_0440_seed0_ratio0.9_e5f8f4
object,img,True,cardpol,bc-cardpol-baseline_img_cam-agent_distract,7,1,0.01,,0.1000000014901161,0.1000000014901161,libero_object_bc_cardpol_policy_vilt_task7_0811_0621_seed1_ratio0.9_036678
object,img,True,cardpol,bc-cardpol-baseline_img_cam-agent_distract,7,2,0.01,,0.699999988079071,0.699999988079071,libero_object_bc_cardpol_policy_vilt_task7_0811_0802_seed2_ratio0.9_15f643
object,img,True,cardpol,bc-cardpol-baseline_img_cam-agent_distract,7,3,0.01,,0.699999988079071,0.699999988079071,libero_object_bc_cardpol_policy_vilt_task7_0811_0943_seed3_ratio0.9_540ac2
object,img,True,cardpol,bc-cardpol-baseline_img_cam-agent_distract,7,4,0.01,,0.699999988079071,0.699999988079071,libero_object_bc_cardpol_policy_vilt_task7_0811_1123_seed4_ratio0.9_550597
object,img,True,cardpol,bc-cardpol-baseline_img_cam-agent_distract,8,0,0.01,,0.3000000119209289,0.3000000119209289,libero_object_bc_cardpol_policy_vilt_task8_0811_0616_seed0_ratio0.9_701b92
object,img,True,cardpol,bc-cardpol-baseline_img_cam-agent_distract,8,1,0.01,,0.8999999761581421,0.8999999761581421,libero_object_bc_cardpol_policy_vilt_task8_0811_0805_seed1_ratio0.9_a3d291
object,img,True,cardpol,bc-cardpol-baseline_img_cam-agent_distract,8,2,0.01,,0.6000000238418579,0.6000000238418579,libero_object_bc_cardpol_policy_vilt_task8_0811_0952_seed2_ratio0.9_5c1051
object,img,True,cardpol,bc-cardpol-baseline_img_cam-agent_distract,8,3,0.01,,0.8999999761581421,0.8999999761581421,libero_object_bc_cardpol_policy_vilt_task8_0811_1141_seed3_ratio0.9_1908b6
object,img,True,cardpol,bc-cardpol-baseline_img_cam-agent_distract,8,4,0.01,,0.8999999761581421,0.8999999761581421,libero_object_bc_cardpol_policy_vilt_task8_0811_1329_seed4_ratio0.9_b39744
object,img,True,cardpol,bc-cardpol-baseline_img_cam-agent_distract,9,0,0.01,,0.800000011920929,0.800000011920929,libero_object_bc_cardpol_policy_vilt_task9_0811_0633_seed0_ratio0.9_5c9f2f
object,img,True,cardpol,bc-cardpol-baseline_img_cam-agent_distract,9,1,0.01,,0.6000000238418579,0.6000000238418579,libero_object_bc_cardpol_policy_vilt_task9_0811_0809_seed1_ratio0.9_b2036b
object,img,True,cardpol,bc-cardpol-baseline_img_cam-agent_distract,9,2,0.01,,0.699999988079071,0.699999988079071,libero_object_bc_cardpol_policy_vilt_task9_0811_0946_seed2_ratio0.9_cb73a9
object,img,True,cardpol,bc-cardpol-baseline_img_cam-agent_distract,9,3,0.01,,0.699999988079071,0.699999988079071,libero_object_bc_cardpol_policy_vilt_task9_0811_1123_seed3_ratio0.9_1144cc
object,img,True,cardpol,bc-cardpol-baseline_img_cam-agent_distract,9,4,0.01,,0.3000000119209289,0.3000000119209289,libero_object_bc_cardpol_policy_vilt_task9_0811_1301_seed4_ratio0.9_8b665e
spatial,img,True,cardpol,bc-cardpol-baseline_img_cam-agent_distract,0,0,0.01,,0.4000000059604645,0.4000000059604645,libero_spatial_bc_cardpol_policy_vilt_task0_0811_0744_seed0_ratio0.9_c8c9c8
spatial,img,True,cardpol,bc-cardpol-baseline_img_cam-agent_distract,0,1,0.01,,0.800000011920929,0.800000011920929,libero_spatial_bc_cardpol_policy_vilt_task0_0811_0903_seed1_ratio0.9_88916b
spatial,img,True,cardpol,bc-cardpol-baseline_img_cam-agent_distract,0,2,0.01,,0.8999999761581421,0.8999999761581421,libero_spatial_bc_cardpol_policy_vilt_task0_0811_1022_seed2_ratio0.9_edfbcc
spatial,img,True,cardpol,bc-cardpol-baseline_img_cam-agent_distract,0,3,0.01,,0.5,0.5,libero_spatial_bc_cardpol_policy_vilt_task0_0811_1141_seed3_ratio0.9_3e9f1f
spatial,img,True,cardpol,bc-cardpol-baseline_img_cam-agent_distract,0,4,0.01,,0.800000011920929,0.800000011920929,libero_spatial_bc_cardpol_policy_vilt_task0_0811_1300_seed4_ratio0.9_10ac79
spatial,img,True,cardpol,bc-cardpol-baseline_img_cam-agent_distract,1,0,0.01,,0.8999999761581421,0.8999999761581421,libero_spatial_bc_cardpol_policy_vilt_task1_0811_0844_seed0_ratio0.9_134000
spatial,img,True,cardpol,bc-cardpol-baseline_img_cam-agent_distract,1,1,0.01,,0.2000000029802322,0.2000000029802322,libero_spatial_bc_cardpol_policy_vilt_task1_0811_1026_seed1_ratio0.9_7630bb
spatial,img,True,cardpol,bc-cardpol-baseline_img_cam-agent_distract,1,2,0.01,,0.8999999761581421,0.8999999761581421,libero_spatial_bc_cardpol_policy_vilt_task1_0811_1208_seed2_ratio0.9_218450
spatial,img,True,cardpol,bc-cardpol-baseline_img_cam-agent_distract,1,3,0.01,,0.6000000238418579,0.6000000238418579,libero_spatial_bc_cardpol_policy_vilt_task1_0811_1348_seed3_ratio0.9_3516d4
spatial,img,True,cardpol,bc-cardpol-baseline_img_cam-agent_distract,1,4,0.01,,0.699999988079071,0.699999988079071,libero_spatial_bc_cardpol_policy_vilt_task1_0811_1529_seed4_ratio0.9_7927d2
spatial,img,True,cardpol,bc-cardpol-baseline_img_cam-agent_distract,2,0,0.01,,1.0,1.0,libero_spatial_bc_cardpol_policy_vilt_task2_0811_0935_seed0_ratio0.9_95cc7f
spatial,img,True,cardpol,bc-cardpol-baseline_img_cam-agent_distract,2,1,0.01,,0.8999999761581421,0.8999999761581421,libero_spatial_bc_cardpol_policy_vilt_task2_0811_1100_seed1_ratio0.9_d88e3f
spatial,img,True,cardpol,bc-cardpol-baseline_img_cam-agent_distract,2,2,0.01,,1.0,1.0,libero_spatial_bc_cardpol_policy_vilt_task2_0811_1231_seed2_ratio0.9_add80e
spatial,img,True,cardpol,bc-cardpol-baseline_img_cam-agent_distract,2,3,0.01,,0.8999999761581421,0.8999999761581421,libero_spatial_bc_cardpol_policy_vilt_task2_0811_1358_seed3_ratio0.9_6d63d5
spatial,img,True,cardpol,bc-cardpol-baseline_img_cam-agent_distract,2,4,0.01,,0.6000000238418579,0.6000000238418579,libero_spatial_bc_cardpol_policy_vilt_task2_0811_1526_seed4_ratio0.9_31fa62
spatial,img,True,cardpol,bc-cardpol-baseline_img_cam-agent_distract,3,0,0.01,,0.800000011920929,0.800000011920929,libero_spatial_bc_cardpol_policy_vilt_task3_0811_0946_seed0_ratio0.9_286f8d
spatial,img,True,cardpol,bc-cardpol-baseline_img_cam-agent_distract,3,1,0.01,,0.4000000059604645,0.4000000059604645,libero_spatial_bc_cardpol_policy_vilt_task3_0811_1104_seed1_ratio0.9_29ea5f
spatial,img,True,cardpol,bc-cardpol-baseline_img_cam-agent_distract,3,2,0.01,,0.2000000029802322,0.2000000029802322,libero_spatial_bc_cardpol_policy_vilt_task3_0811_1223_seed2_ratio0.9_2ca03b
spatial,img,True,cardpol,bc-cardpol-baseline_img_cam-agent_distract,3,3,0.01,,0.5,0.5,libero_spatial_bc_cardpol_policy_vilt_task3_0811_1342_seed3_ratio0.9_46a286
spatial,img,True,cardpol,bc-cardpol-baseline_img_cam-agent_distract,3,4,0.01,,0.699999988079071,0.699999988079071,libero_spatial_bc_cardpol_policy_vilt_task3_0811_1501_seed4_ratio0.9_389886
spatial,img,True,cardpol,bc-cardpol-baseline_img_cam-agent_distract,4,0,0.01,,0.2000000029802322,0.2000000029802322,libero_spatial_bc_cardpol_policy_vilt_task4_0811_1015_seed0_ratio0.9_bd4035
spatial,img,True,cardpol,bc-cardpol-baseline_img_cam-agent_distract,4,1,0.01,,0.1000000014901161,0.1000000014901161,libero_spatial_bc_cardpol_policy_vilt_task4_0811_1202_seed1_ratio0.9_888e05
spatial,img,True,cardpol,bc-cardpol-baseline_img_cam-agent_distract,4,2,0.01,,0.0,0.0,libero_spatial_bc_cardpol_policy_vilt_task4_0811_1349_seed2_ratio0.9_0abd62
spatial,img,True,cardpol,bc-cardpol-baseline_img_cam-agent_distract,4,3,0.01,,0.4000000059604645,0.4000000059604645,libero_spatial_bc_cardpol_policy_vilt_task4_0811_1537_seed3_ratio0.9_92ccba
spatial,img,True,cardpol,bc-cardpol-baseline_img_cam-agent_distract,4,4,0.01,,0.3000000119209289,0.3000000119209289,libero_spatial_bc_cardpol_policy_vilt_task4_0811_1724_seed4_ratio0.9_196ba3
spatial,img,True,cardpol,bc-cardpol-baseline_img_cam-agent_distract,5,0,0.01,,0.6000000238418579,0.6000000238418579,libero_spatial_bc_cardpol_policy_vilt_task5_0811_1106_seed0_ratio0.9_a27642
spatial,img,True,cardpol,bc-cardpol-baseline_img_cam-agent_distract,5,1,0.01,,0.800000011920929,0.800000011920929,libero_spatial_bc_cardpol_policy_vilt_task5_0811_1238_seed1_ratio0.9_d14b2d
spatial,img,True,cardpol,bc-cardpol-baseline_img_cam-agent_distract,5,2,0.01,,0.3000000119209289,0.3000000119209289,libero_spatial_bc_cardpol_policy_vilt_task5_0811_1409_seed2_ratio0.9_7f5682
spatial,img,True,cardpol,bc-cardpol-baseline_img_cam-agent_distract,5,3,0.01,,0.0,0.0,libero_spatial_bc_cardpol_policy_vilt_task5_0811_1541_seed3_ratio0.9_76dfca
spatial,img,True,cardpol,bc-cardpol-baseline_img_cam-agent_distract,5,4,0.01,,0.3000000119209289,0.3000000119209289,libero_spatial_bc_cardpol_policy_vilt_task5_0811_1712_seed4_ratio0.9_fab5d1
spatial,img,True,cardpol,bc-cardpol-baseline_img_cam-agent_distract,6,0,0.01,,0.800000011920929,0.800000011920929,libero_spatial_bc_cardpol_policy_vilt_task6_0811_1126_seed0_ratio0.9_83378a
spatial,img,True,cardpol,bc-cardpol-baseline_img_cam-agent_distract,6,1,0.01,,0.8999999761581421,0.8999999761581421,libero_spatial_bc_cardpol_policy_vilt_task6_0811_1303_seed1_ratio0.9_bc3357
spatial,img,True,cardpol,bc-cardpol-baseline_img_cam-agent_distract,6,2,0.01,,0.699999988079071,0.699999988079071,libero_spatial_bc_cardpol_policy_vilt_task6_0811_1439_seed2_ratio0.9_145b96
spatial,img,True,cardpol,bc-cardpol-baseline_img_cam-agent_distract,6,3,0.01,,0.8999999761581421,0.8999999761581421,libero_spatial_bc_cardpol_policy_vilt_task6_0811_1617_seed3_ratio0.9_22c76c
spatial,img,True,cardpol,bc-cardpol-baseline_img_cam-agent_distract,6,4,0.01,,0.699999988079071,0.699999988079071,libero_spatial_bc_cardpol_policy_vilt_task6_0811_1751_seed4_ratio0.9_ada065
spatial,img,True,cardpol,bc-cardpol-baseline_img_cam-agent_distract,7,0,0.01,,0.3000000119209289,0.3000000119209289,libero_spatial_bc_cardpol_policy_vilt_task7_0812_0827_seed0_ratio0.9_9e4ff2
spatial,img,True,cardpol,bc-cardpol-baseline_img_cam-agent_distract,7,1,0.01,,0.5,0.5,libero_spatial_bc_cardpol_policy_vilt_task7_0812_1012_seed1_ratio0.9_3b2d89
spatial,img,True,cardpol,bc-cardpol-baseline_img_cam-agent_distract,7,2,0.01,,0.699999988079071,0.699999988079071,libero_spatial_bc_cardpol_policy_vilt_task7_0812_1157_seed2_ratio0.9_234e3e
spatial,img,True,cardpol,bc-cardpol-baseline_img_cam-agent_distract,7,3,0.01,,0.800000011920929,0.800000011920929,libero_spatial_bc_cardpol_policy_vilt_task7_0812_1340_seed3_ratio0.9_426886
spatial,img,True,cardpol,bc-cardpol-baseline_img_cam-agent_distract,7,4,0.01,,0.3000000119209289,0.3000000119209289,libero_spatial_bc_cardpol_policy_vilt_task7_0812_1524_seed4_ratio0.9_586e0e
spatial,img,True,cardpol,bc-cardpol-baseline_img_cam-agent_distract,8,0,0.01,,0.5,0.5,libero_spatial_bc_cardpol_policy_vilt_task8_0812_0827_seed0_ratio0.9_f82ba6
spatial,img,True,cardpol,bc-cardpol-baseline_img_cam-agent_distract,8,1,0.01,,0.1000000014901161,0.1000000014901161,libero_spatial_bc_cardpol_policy_vilt_task8_0812_1000_seed1_ratio0.9_c1a48a
spatial,img,True,cardpol,bc-cardpol-baseline_img_cam-agent_distract,8,2,0.01,,0.4000000059604645,0.4000000059604645,libero_spatial_bc_cardpol_policy_vilt_task8_0812_1132_seed2_ratio0.9_ce4bce
spatial,img,True,cardpol,bc-cardpol-baseline_img_cam-agent_distract,8,3,0.01,,0.4000000059604645,0.4000000059604645,libero_spatial_bc_cardpol_policy_vilt_task8_0812_1301_seed3_ratio0.9_6f2de5
spatial,img,True,cardpol,bc-cardpol-baseline_img_cam-agent_distract,8,4,0.01,,0.3000000119209289,0.3000000119209289,libero_spatial_bc_cardpol_policy_vilt_task8_0812_1431_seed4_ratio0.9_6f054a
spatial,img,True,cardpol,bc-cardpol-baseline_img_cam-agent_distract,9,0,0.01,,0.3000000119209289,0.3000000119209289,libero_spatial_bc_cardpol_policy_vilt_task9_0812_0827_seed0_ratio0.9_9b0ee4
spatial,img,True,cardpol,bc-cardpol-baseline_img_cam-agent_distract,9,1,0.01,,0.0,0.0,libero_spatial_bc_cardpol_policy_vilt_task9_0812_1010_seed1_ratio0.9_86e52d
spatial,img,True,cardpol,bc-cardpol-baseline_img_cam-agent_distract,9,2,0.01,,0.0,0.0,libero_spatial_bc_cardpol_policy_vilt_task9_0812_1154_seed2_ratio0.9_ba7233
spatial,img,True,cardpol,bc-cardpol-baseline_img_cam-agent_distract,9,3,0.01,,0.3000000119209289,0.3000000119209289,libero_spatial_bc_cardpol_policy_vilt_task9_0812_1338_seed3_ratio0.9_091616
spatial,img,True,cardpol,bc-cardpol-baseline_img_cam-agent_distract,9,4,0.01,,0.2000000029802322,0.2000000029802322,libero_spatial_bc_cardpol_policy_vilt_task9_0812_1521_seed4_ratio0.9_44086d
goal,img,False,curl,bc-curl-baseline_img_cam-agent,0,0,1.0,,0.6000000238418579,0.699999988079071,libero_goal_bc_curl_policy_vilt_task0_0723_1121_seed0_ratio0.9_351e8b
goal,img,False,curl,bc-curl-baseline_img_cam-agent,0,1,1.0,,0.4000000059604645,0.5,libero_goal_bc_curl_policy_vilt_task0_0723_1232_seed1_ratio0.9_95cb9f
goal,img,False,curl,bc-curl-baseline_img_cam-agent,0,2,1.0,,0.800000011920929,0.4000000059604645,libero_goal_bc_curl_policy_vilt_task0_0723_1346_seed2_ratio0.9_9ceb7d
goal,img,False,curl,bc-curl-baseline_img_cam-agent,0,3,1.0,,1.0,0.8999999761581421,libero_goal_bc_curl_policy_vilt_task0_0723_1459_seed3_ratio0.9_139b58
goal,img,False,curl,bc-curl-baseline_img_cam-agent,0,4,1.0,,1.0,0.3000000119209289,libero_goal_bc_curl_policy_vilt_task0_0723_1611_seed4_ratio0.9_5dd82e
goal,img,False,curl,bc-curl-baseline_img_cam-agent,1,0,1.0,,0.8999999761581421,1.0,libero_goal_bc_curl_policy_vilt_task1_0723_1355_seed0_ratio0.9_9bd014
goal,img,False,curl,bc-curl-baseline_img_cam-agent,1,1,1.0,,1.0,1.0,libero_goal_bc_curl_policy_vilt_task1_0723_1450_seed1_ratio0.9_68ea72
goal,img,False,curl,bc-curl-baseline_img_cam-agent,1,2,1.0,,1.0,1.0,libero_goal_bc_curl_policy_vilt_task1_0723_1541_seed2_ratio0.9_e63692
goal,img,False,curl,bc-curl-baseline_img_cam-agent,1,3,1.0,,0.8999999761581421,1.0,libero_goal_bc_curl_policy_vilt_task1_0723_1637_seed3_ratio0.9_840beb
goal,img,False,curl,bc-curl-baseline_img_cam-agent,1,4,1.0,,1.0,1.0,libero_goal_bc_curl_policy_vilt_task1_0723_1730_seed4_ratio0.9_48a254
goal,img,False,curl,bc-curl-baseline_img_cam-agent,2,0,1.0,,0.699999988079071,0.8999999761581421,libero_goal_bc_curl_policy_vilt_task2_0723_1356_seed0_ratio0.9_74c39e
goal,img,False,curl,bc-curl-baseline_img_cam-agent,2,1,1.0,,0.6000000238418579,0.0,libero_goal_bc_curl_policy_vilt_task2_0723_1510_seed1_ratio0.9_a6f49e
goal,img,False,curl,bc-curl-baseline_img_cam-agent,2,2,1.0,,0.699999988079071,1.0,libero_goal_bc_curl_policy_vilt_task2_0723_1622_seed2_ratio0.9_b440fc
goal,img,False,curl,bc-curl-baseline_img_cam-agent,2,3,1.0,,0.800000011920929,0.800000011920929,libero_goal_bc_curl_policy_vilt_task2_0723_1736_seed3_ratio0.9_8e7641
goal,img,False,curl,bc-curl-baseline_img_cam-agent,2,4,1.0,,0.8999999761581421,0.699999988079071,libero_goal_bc_curl_policy_vilt_task2_0723_1849_seed4_ratio0.9_94499c
goal,img,False,curl,bc-curl-baseline_img_cam-agent,3,0,1.0,,0.2000000029802322,0.3000000119209289,libero_goal_bc_curl_policy_vilt_task3_0723_1528_seed0_ratio0.9_9b0e61
goal,img,False,curl,bc-curl-baseline_img_cam-agent,3,1,1.0,,0.2000000029802322,0.6000000238418579,libero_goal_bc_curl_policy_vilt_task3_0723_1713_seed1_ratio0.9_bceea0
goal,img,False,curl,bc-curl-baseline_img_cam-agent,3,2,1.0,,0.3000000119209289,0.800000011920929,libero_goal_bc_curl_policy_vilt_task3_0723_1858_seed2_ratio0.9_c7ab74
goal,img,False,curl,bc-curl-baseline_img_cam-agent,3,3,1.0,,0.4000000059604645,0.1000000014901161,libero_goal_bc_curl_policy_vilt_task3_0723_2038_seed3_ratio0.9_656c2a
goal,img,False,curl,bc-curl-baseline_img_cam-agent,3,4,1.0,,0.2000000029802322,0.4000000059604645,libero_goal_bc_curl_policy_vilt_task3_0723_2221_seed4_ratio0.9_7ab223
goal,img,False,curl,bc-curl-baseline_img_cam-agent,4,0,1.0,,0.8999999761581421,0.6000000238418579,libero_goal_bc_curl_policy_vilt_task4_0723_1621_seed0_ratio0.9_6b5549
goal,img,False,curl,bc-curl-baseline_img_cam-agent,4,1,1.0,,0.8999999761581421,0.8999999761581421,libero_goal_bc_curl_policy_vilt_task4_0723_1716_seed1_ratio0.9_1c44ea
goal,img,False,curl,bc-curl-baseline_img_cam-agent,4,2,1.0,,0.699999988079071,0.3000000119209289,libero_goal_bc_curl_policy_vilt_task4_0723_1810_seed2_ratio0.9_be6bb4
goal,img,False,curl,bc-curl-baseline_img_cam-agent,4,3,1.0,,0.5,0.5,libero_goal_bc_curl_policy_vilt_task4_0723_1905_seed3_ratio0.9_841241
goal,img,False,curl,bc-curl-baseline_img_cam-agent,4,4,1.0,,0.8999999761581421,0.699999988079071,libero_goal_bc_curl_policy_vilt_task4_0723_2001_seed4_ratio0.9_3dac5f
goal,img,False,curl,bc-curl-baseline_img_cam-agent,5,0,1.0,,0.5,0.4000000059604645,libero_goal_bc_curl_policy_vilt_task5_0723_2048_seed0_ratio0.9_669f7e
goal,img,False,curl,bc-curl-baseline_img_cam-agent,5,1,1.0,,0.4000000059604645,0.699999988079071,libero_goal_bc_curl_policy_vilt_task5_0723_2204_seed1_ratio0.9_79867d
goal,img,False,curl,bc-curl-baseline_img_cam-agent,5,2,1.0,,0.5,0.5,libero_goal_bc_curl_policy_vilt_task5_0723_2320_seed2_ratio0.9_2ad6d1
goal,img,False,curl,bc-curl-baseline_img_cam-agent,5,3,1.0,,0.4000000059604645,0.5,libero_goal_bc_curl_policy_vilt_task5_0724_0036_seed3_ratio0.9_b4a4e6
goal,img,False,curl,bc-curl-baseline_img_cam-agent,5,4,1.0,,0.4000000059604645,0.5,libero_goal_bc_curl_policy_vilt_task5_0724_0152_seed4_ratio0.9_05cdbb
goal,img,False,curl,bc-curl-baseline_img_cam-agent,6,0,1.0,,0.8999999761581421,0.800000011920929,libero_goal_bc_curl_policy_vilt_task6_0723_2158_seed0_ratio0.9_ce7cea
goal,img,False,curl,bc-curl-baseline_img_cam-agent,6,1,1.0,,0.6000000238418579,0.6000000238418579,libero_goal_bc_curl_policy_vilt_task6_0723_2256_seed1_ratio0.9_a3a472
goal,img,False,curl,bc-curl-baseline_img_cam-agent,6,2,1.0,,0.3000000119209289,0.3000000119209289,libero_goal_bc_curl_policy_vilt_task6_0723_2352_seed2_ratio0.9_44d9c0
goal,img,False,curl,bc-curl-baseline_img_cam-agent,6,3,1.0,,0.6000000238418579,0.4000000059604645,libero_goal_bc_curl_policy_vilt_task6_0724_0049_seed3_ratio0.9_0624c9
goal,img,False,curl,bc-curl-baseline_img_cam-agent,6,4,1.0,,0.4000000059604645,0.4000000059604645,libero_goal_bc_curl_policy_vilt_task6_0724_0145_seed4_ratio0.9_7b5292
goal,img,False,curl,bc-curl-baseline_img_cam-agent,7,0,1.0,,1.0,0.8999999761581421,libero_goal_bc_curl_policy_vilt_task7_0723_2156_seed0_ratio0.9_77556c
goal,img,False,curl,bc-curl-baseline_img_cam-agent,7,1,1.0,,1.0,1.0,libero_goal_bc_curl_policy_vilt_task7_0723_2242_seed1_ratio0.9_7cece8
goal,img,False,curl,bc-curl-baseline_img_cam-agent,7,2,1.0,,1.0,1.0,libero_goal_bc_curl_policy_vilt_task7_0723_2328_seed2_ratio0.9_282153
goal,img,False,curl,bc-curl-baseline_img_cam-agent,7,3,1.0,,1.0,1.0,libero_goal_bc_curl_policy_vilt_task7_0724_0015_seed3_ratio0.9_41f652
goal,img,False,curl,bc-curl-baseline_img_cam-agent,7,4,1.0,,1.0,1.0,libero_goal_bc_curl_policy_vilt_task7_0724_0101_seed4_ratio0.9_4099eb
goal,img,False,curl,bc-curl-baseline_img_cam-agent,8,0,1.0,,0.5,1.0,libero_goal_bc_curl_policy_vilt_task8_0723_2158_seed0_ratio0.9_7f0c17
goal,img,False,curl,bc-curl-baseline_img_cam-agent,8,1,1.0,,0.3000000119209289,0.6000000238418579,libero_goal_bc_curl_policy_vilt_task8_0723_2249_seed1_ratio0.9_c28041
goal,img,False,curl,bc-curl-baseline_img_cam-agent,8,2,1.0,,0.8999999761581421,0.1000000014901161,libero_goal_bc_curl_policy_vilt_task8_0723_2341_seed2_ratio0.9_1405d8
goal,img,False,curl,bc-curl-baseline_img_cam-agent,8,3,1.0,,0.4000000059604645,0.3000000119209289,libero_goal_bc_curl_policy_vilt_task8_0724_0031_seed3_ratio0.9_18fa8a
goal,img,False,curl,bc-curl-baseline_img_cam-agent,8,4,1.0,,0.5,0.8999999761581421,libero_goal_bc_curl_policy_vilt_task8_0724_0121_seed4_ratio0.9_683965
goal,img,False,curl,bc-curl-baseline_img_cam-agent,9,0,1.0,,0.4000000059604645,0.8999999761581421,libero_goal_bc_curl_policy_vilt_task9_0723_2158_seed0_ratio0.9_98a726
goal,img,False,curl,bc-curl-baseline_img_cam-agent,9,1,1.0,,0.699999988079071,0.6000000238418579,libero_goal_bc_curl_policy_vilt_task9_0723_2325_seed1_ratio0.9_f348ce
goal,img,False,curl,bc-curl-baseline_img_cam-agent,9,2,1.0,,0.4000000059604645,0.1000000014901161,libero_goal_bc_curl_policy_vilt_task9_0724_0052_seed2_ratio0.9_5f7ab9
goal,img,False,curl,bc-curl-baseline_img_cam-agent,9,3,1.0,,0.800000011920929,0.3000000119209289,libero_goal_bc_curl_policy_vilt_task9_0724_0219_seed3_ratio0.9_a35174
goal,img,False,curl,bc-curl-baseline_img_cam-agent,9,4,1.0,,0.5,0.5,libero_goal_bc_curl_policy_vilt_task9_0724_0346_seed4_ratio0.9_c3b8f9
object,img,False,curl,bc-curl-baseline_img_cam-agent,0,0,1.0,,1.0,0.8999999761581421,libero_object_bc_curl_policy_vilt_task0_0723_0228_seed0_ratio0.9_a2a4d9
object,img,False,curl,bc-curl-baseline_img_cam-agent,0,1,1.0,,1.0,1.0,libero_object_bc_curl_policy_vilt_task0_0723_0340_seed1_ratio0.9_c621b1
object,img,False,curl,bc-curl-baseline_img_cam-agent,0,2,1.0,,0.8999999761581421,0.800000011920929,libero_object_bc_curl_policy_vilt_task0_0723_0454_seed2_ratio0.9_ff67ee
object,img,False,curl,bc-curl-baseline_img_cam-agent,0,3,1.0,,0.800000011920929,1.0,libero_object_bc_curl_policy_vilt_task0_0723_0607_seed3_ratio0.9_196e01
object,img,False,curl,bc-curl-baseline_img_cam-agent,0,4,1.0,,0.800000011920929,0.8999999761581421,libero_object_bc_curl_policy_vilt_task0_0723_0720_seed4_ratio0.9_1448e1
object,img,False,curl,bc-curl-baseline_img_cam-agent,1,0,1.0,,0.1000000014901161,0.6000000238418579,libero_object_bc_curl_policy_vilt_task1_0723_0655_seed0_ratio0.9_5c9ca2
object,img,False,curl,bc-curl-baseline_img_cam-agent,1,1,1.0,,0.6000000238418579,0.8999999761581421,libero_object_bc_curl_policy_vilt_task1_0723_0808_seed1_ratio0.9_1d0e73
object,img,False,curl,bc-curl-baseline_img_cam-agent,1,2,1.0,,0.6000000238418579,0.5,libero_object_bc_curl_policy_vilt_task1_0723_0921_seed2_ratio0.9_d88736
object,img,False,curl,bc-curl-baseline_img_cam-agent,1,3,1.0,,0.0,0.1000000014901161,libero_object_bc_curl_policy_vilt_task1_0723_1035_seed3_ratio0.9_5d41ce
object,img,False,curl,bc-curl-baseline_img_cam-agent,1,4,1.0,,0.5,0.800000011920929,libero_object_bc_curl_policy_vilt_task1_0723_1147_seed4_ratio0.9_c2924d
object,img,False,curl,bc-curl-baseline_img_cam-agent,2,0,1.0,,0.6000000238418579,0.8999999761581421,libero_object_bc_curl_policy_vilt_task2_0723_0706_seed0_ratio0.9_06e258
object,img,False,curl,bc-curl-baseline_img_cam-agent,2,1,1.0,,0.699999988079071,0.800000011920929,libero_object_bc_curl_policy_vilt_task2_0723_0814_seed1_ratio0.9_bf77ce
object,img,False,curl,bc-curl-baseline_img_cam-agent,2,2,1.0,,0.1000000014901161,0.2000000029802322,libero_object_bc_curl_policy_vilt_task2_0723_0923_seed2_ratio0.9_5d4ffc
object,img,False,curl,bc-curl-baseline_img_cam-agent,2,3,1.0,,0.8999999761581421,0.800000011920929,libero_object_bc_curl_policy_vilt_task2_0723_1032_seed3_ratio0.9_e9ef8b
object,img,False,curl,bc-curl-baseline_img_cam-agent,2,4,1.0,,0.8999999761581421,0.800000011920929,libero_object_bc_curl_policy_vilt_task2_0723_1140_seed4_ratio0.9_6a3ae2
object,img,False,curl,bc-curl-baseline_img_cam-agent,3,0,1.0,,0.3000000119209289,0.2000000029802322,libero_object_bc_curl_policy_vilt_task3_0723_0722_seed0_ratio0.9_33e5b6
object,img,False,curl,bc-curl-baseline_img_cam-agent,3,1,1.0,,0.8999999761581421,0.800000011920929,libero_object_bc_curl_policy_vilt_task3_0723_0833_seed1_ratio0.9_dc1931
object,img,False,curl,bc-curl-baseline_img_cam-agent,3,2,1.0,,0.8999999761581421,0.5,libero_object_bc_curl_policy_vilt_task3_0723_0945_seed2_ratio0.9_ab49d5
object,img,False,curl,bc-curl-baseline_img_cam-agent,3,3,1.0,,0.3000000119209289,0.2000000029802322,libero_object_bc_curl_policy_vilt_task3_0723_1057_seed3_ratio0.9_c52047
object,img,False,curl,bc-curl-baseline_img_cam-agent,3,4,1.0,,0.4000000059604645,0.5,libero_object_bc_curl_policy_vilt_task3_0723_1211_seed4_ratio0.9_8a021c
object,img,False,curl,bc-curl-baseline_img_cam-agent,4,0,1.0,,0.699999988079071,0.8999999761581421,libero_object_bc_curl_policy_vilt_task4_0723_0759_seed0_ratio0.9_68ec47
object,img,False,curl,bc-curl-baseline_img_cam-agent,4,1,1.0,,0.6000000238418579,1.0,libero_object_bc_curl_policy_vilt_task4_0723_0915_seed1_ratio0.9_839e7a
object,img,False,curl,bc-curl-baseline_img_cam-agent,4,2,1.0,,0.3000000119209289,0.4000000059604645,libero_object_bc_curl_policy_vilt_task4_0723_1032_seed2_ratio0.9_96b41b
object,img,False,curl,bc-curl-baseline_img_cam-agent,4,3,1.0,,0.8999999761581421,0.6000000238418579,libero_object_bc_curl_policy_vilt_task4_0723_1147_seed3_ratio0.9_7937dc
object,img,False,curl,bc-curl-baseline_img_cam-agent,4,4,1.0,,1.0,1.0,libero_object_bc_curl_policy_vilt_task4_0723_1303_seed4_ratio0.9_d48bf4
object,img,False,curl,bc-curl-baseline_img_cam-agent,5,0,1.0,,0.800000011920929,1.0,libero_object_bc_curl_policy_vilt_task5_0723_0834_seed0_ratio0.9_f2a90c
object,img,False,curl,bc-curl-baseline_img_cam-agent,5,1,1.0,,0.8999999761581421,0.4000000059604645,libero_object_bc_curl_policy_vilt_task5_0723_0946_seed1_ratio0.9_b26969
object,img,False,curl,bc-curl-baseline_img_cam-agent,5,2,1.0,,0.8999999761581421,1.0,libero_object_bc_curl_policy_vilt_task5_0723_1057_seed2_ratio0.9_ab753d
object,img,False,curl,bc-curl-baseline_img_cam-agent,5,3,1.0,,0.800000011920929,0.8999999761581421,libero_object_bc_curl_policy_vilt_task5_0723_1209_seed3_ratio0.9_e85e32
object,img,False,curl,bc-curl-baseline_img_cam-agent,5,4,1.0,,1.0,1.0,libero_object_bc_curl_policy_vilt_task5_0723_1320_seed4_ratio0.9_a60ee9
object,img,False,curl,bc-curl-baseline_img_cam-agent,6,0,1.0,,0.6000000238418579,0.699999988079071,libero_object_bc_curl_policy_vilt_task6_0723_0900_seed0_ratio0.9_cf0898
object,img,False,curl,bc-curl-baseline_img_cam-agent,6,1,1.0,,0.5,1.0,libero_object_bc_curl_policy_vilt_task6_0723_1013_seed1_ratio0.9_57975e
object,img,False,curl,bc-curl-baseline_img_cam-agent,6,2,1.0,,1.0,1.0,libero_object_bc_curl_policy_vilt_task6_0723_1126_seed2_ratio0.9_bc1844
object,img,False,curl,bc-curl-baseline_img_cam-agent,6,3,1.0,,0.800000011920929,1.0,libero_object_bc_curl_policy_vilt_task6_0723_1238_seed3_ratio0.9_4794a4
object,img,False,curl,bc-curl-baseline_img_cam-agent,6,4,1.0,,0.8999999761581421,0.8999999761581421,libero_object_bc_curl_policy_vilt_task6_0723_1353_seed4_ratio0.9_553c8b
object,img,False,curl,bc-curl-baseline_img_cam-agent,7,0,1.0,,0.699999988079071,0.800000011920929,libero_object_bc_curl_policy_vilt_task7_0723_0925_seed0_ratio0.9_887efb
object,img,False,curl,bc-curl-baseline_img_cam-agent,7,1,1.0,,0.6000000238418579,0.6000000238418579,libero_object_bc_curl_policy_vilt_task7_0723_1037_seed1_ratio0.9_c35cc9
object,img,False,curl,bc-curl-baseline_img_cam-agent,7,2,1.0,,1.0,1.0,libero_object_bc_curl_policy_vilt_task7_0723_1150_seed2_ratio0.9_a071fa
object,img,False,curl,bc-curl-baseline_img_cam-agent,7,3,1.0,,0.800000011920929,0.800000011920929,libero_object_bc_curl_policy_vilt_task7_0723_1302_seed3_ratio0.9_eacecd
object,img,False,curl,bc-curl-baseline_img_cam-agent,7,4,1.0,,0.8999999761581421,0.4000000059604645,libero_object_bc_curl_policy_vilt_task7_0723_1414_seed4_ratio0.9_090a13
object,img,False,curl,bc-curl-baseline_img_cam-agent,8,0,1.0,,1.0,0.5,libero_object_bc_curl_policy_vilt_task8_0723_0936_seed0_ratio0.9_fe2821
object,img,False,curl,bc-curl-baseline_img_cam-agent,8,1,1.0,,1.0,1.0,libero_object_bc_curl_policy_vilt_task8_0723_1113_seed1_ratio0.9_3c2268
object,img,False,curl,bc-curl-baseline_img_cam-agent,8,2,1.0,,1.0,0.800000011920929,libero_object_bc_curl_policy_vilt_task8_0723_1246_seed2_ratio0.9_be908f
object,img,False,curl,bc-curl-baseline_img_cam-agent,8,3,1.0,,1.0,1.0,libero_object_bc_curl_policy_vilt_task8_0723_1421_seed3_ratio0.9_665f79
object,img,False,curl,bc-curl-baseline_img_cam-agent,8,4,1.0,,1.0,0.8999999761581421,libero_object_bc_curl_policy_vilt_task8_0723_1554_seed4_ratio0.9_10cba4
object,img,False,curl,bc-curl-baseline_img_cam-agent,9,0,1.0,,0.800000011920929,0.800000011920929,libero_object_bc_curl_policy_vilt_task9_0723_0940_seed0_ratio0.9_281a4e
object,img,False,curl,bc-curl-baseline_img_cam-agent,9,1,1.0,,0.5,0.2000000029802322,libero_object_bc_curl_policy_vilt_task9_0723_1056_seed1_ratio0.9_c289a3
object,img,False,curl,bc-curl-baseline_img_cam-agent,9,2,1.0,,0.6000000238418579,0.8999999761581421,libero_object_bc_curl_policy_vilt_task9_0723_1208_seed2_ratio0.9_672daa
object,img,False,curl,bc-curl-baseline_img_cam-agent,9,3,1.0,,0.699999988079071,0.8999999761581421,libero_object_bc_curl_policy_vilt_task9_0723_1319_seed3_ratio0.9_cfaab6
object,img,False,curl,bc-curl-baseline_img_cam-agent,9,4,1.0,,1.0,0.6000000238418579,libero_object_bc_curl_policy_vilt_task9_0723_1429_seed4_ratio0.9_602b34
spatial,img,False,curl,bc-curl-baseline_img_cam-agent,0,0,1.0,,0.3000000119209289,0.6000000238418579,libero_spatial_bc_curl_policy_vilt_task0_0723_0043_seed0_ratio0.9_b9651f
spatial,img,False,curl,bc-curl-baseline_img_cam-agent,0,1,1.0,,0.5,0.800000011920929,libero_spatial_bc_curl_policy_vilt_task0_0723_0141_seed1_ratio0.9_25b4d9
spatial,img,False,curl,bc-curl-baseline_img_cam-agent,0,2,1.0,,0.0,0.5,libero_spatial_bc_curl_policy_vilt_task0_0723_0239_seed2_ratio0.9_9a86c1
spatial,img,False,curl,bc-curl-baseline_img_cam-agent,0,3,1.0,,0.800000011920929,0.699999988079071,libero_spatial_bc_curl_policy_vilt_task0_0723_0339_seed3_ratio0.9_937b71
spatial,img,False,curl,bc-curl-baseline_img_cam-agent,0,4,1.0,,0.8999999761581421,0.699999988079071,libero_spatial_bc_curl_policy_vilt_task0_0723_0438_seed4_ratio0.9_739ae3
spatial,img,False,curl,bc-curl-baseline_img_cam-agent,1,0,1.0,,0.3000000119209289,0.3000000119209289,libero_spatial_bc_curl_policy_vilt_task1_0723_0048_seed0_ratio0.9_25a017
spatial,img,False,curl,bc-curl-baseline_img_cam-agent,1,1,1.0,,0.8999999761581421,0.4000000059604645,libero_spatial_bc_curl_policy_vilt_task1_0723_0200_seed1_ratio0.9_22249b
spatial,img,False,curl,bc-curl-baseline_img_cam-agent,1,2,1.0,,0.800000011920929,0.2000000029802322,libero_spatial_bc_curl_policy_vilt_task1_0723_0312_seed2_ratio0.9_a748a4
spatial,img,False,curl,bc-curl-baseline_img_cam-agent,1,3,1.0,,0.8999999761581421,0.699999988079071,libero_spatial_bc_curl_policy_vilt_task1_0723_0425_seed3_ratio0.9_937803
spatial,img,False,curl,bc-curl-baseline_img_cam-agent,1,4,1.0,,0.4000000059604645,0.6000000238418579,libero_spatial_bc_curl_policy_vilt_task1_0723_0540_seed4_ratio0.9_76861d
spatial,img,False,curl,bc-curl-baseline_img_cam-agent,2,0,1.0,,1.0,0.800000011920929,libero_spatial_bc_curl_policy_vilt_task2_0723_0054_seed0_ratio0.9_af4ef7
spatial,img,False,curl,bc-curl-baseline_img_cam-agent,2,1,1.0,,0.8999999761581421,0.800000011920929,libero_spatial_bc_curl_policy_vilt_task2_0723_0156_seed1_ratio0.9_a0f95c
spatial,img,False,curl,bc-curl-baseline_img_cam-agent,2,2,1.0,,1.0,0.800000011920929,libero_spatial_bc_curl_policy_vilt_task2_0723_0302_seed2_ratio0.9_caff4a
spatial,img,False,curl,bc-curl-baseline_img_cam-agent,2,3,1.0,,0.800000011920929,0.8999999761581421,libero_spatial_bc_curl_policy_vilt_task2_0723_0404_seed3_ratio0.9_a083d9
spatial,img,False,curl,bc-curl-baseline_img_cam-agent,2,4,1.0,,0.8999999761581421,1.0,libero_spatial_bc_curl_policy_vilt_task2_0723_0511_seed4_ratio0.9_e07956
spatial,img,False,curl,bc-curl-baseline_img_cam-agent,3,0,1.0,,0.4000000059604645,0.5,libero_spatial_bc_curl_policy_vilt_task3_0723_0111_seed0_ratio0.9_025034
spatial,img,False,curl,bc-curl-baseline_img_cam-agent,3,1,1.0,,0.1000000014901161,0.8999999761581421,libero_spatial_bc_curl_policy_vilt_task3_0723_0206_seed1_ratio0.9_432d03
spatial,img,False,curl,bc-curl-baseline_img_cam-agent,3,2,1.0,,0.6000000238418579,0.4000000059604645,libero_spatial_bc_curl_policy_vilt_task3_0723_0301_seed2_ratio0.9_718eb3
spatial,img,False,curl,bc-curl-baseline_img_cam-agent,3,3,1.0,,0.2000000029802322,0.2000000029802322,libero_spatial_bc_curl_policy_vilt_task3_0723_0357_seed3_ratio0.9_756e53
spatial,img,False,curl,bc-curl-baseline_img_cam-agent,3,4,1.0,,0.3000000119209289,0.699999988079071,libero_spatial_bc_curl_policy_vilt_task3_0723_0452_seed4_ratio0.9_24d0bb
spatial,img,False,curl,bc-curl-baseline_img_cam-agent,4,0,1.0,,0.5,0.4000000059604645,libero_spatial_bc_curl_policy_vilt_task4_0723_0117_seed0_ratio0.9_711383
spatial,img,False,curl,bc-curl-baseline_img_cam-agent,4,1,1.0,,0.3000000119209289,0.3000000119209289,libero_spatial_bc_curl_policy_vilt_task4_0723_0235_seed1_ratio0.9_661fbe
spatial,img,False,curl,bc-curl-baseline_img_cam-agent,4,2,1.0,,0.1000000014901161,0.5,libero_spatial_bc_curl_policy_vilt_task4_0723_0351_seed2_ratio0.9_080f67
spatial,img,False,curl,bc-curl-baseline_img_cam-agent,4,3,1.0,,0.5,0.2000000029802322,libero_spatial_bc_curl_policy_vilt_task4_0723_0507_seed3_ratio0.9_446e08
spatial,img,False,curl,bc-curl-baseline_img_cam-agent,4,4,1.0,,0.6000000238418579,0.5,libero_spatial_bc_curl_policy_vilt_task4_0723_0624_seed4_ratio0.9_618db2
spatial,img,False,curl,bc-curl-baseline_img_cam-agent,5,0,1.0,,0.4000000059604645,1.0,libero_spatial_bc_curl_policy_vilt_task5_0723_0123_seed0_ratio0.9_98adbb
spatial,img,False,curl,bc-curl-baseline_img_cam-agent,5,1,1.0,,0.4000000059604645,0.699999988079071,libero_spatial_bc_curl_policy_vilt_task5_0723_0225_seed1_ratio0.9_c8e61b
spatial,img,False,curl,bc-curl-baseline_img_cam-agent,5,2,1.0,,0.2000000029802322,0.8999999761581421,libero_spatial_bc_curl_policy_vilt_task5_0723_0329_seed2_ratio0.9_602e4d
spatial,img,False,curl,bc-curl-baseline_img_cam-agent,5,3,1.0,,0.5,0.1000000014901161,libero_spatial_bc_curl_policy_vilt_task5_0723_0432_seed3_ratio0.9_f93ab1
spatial,img,False,curl,bc-curl-baseline_img_cam-agent,5,4,1.0,,0.6000000238418579,0.2000000029802322,libero_spatial_bc_curl_policy_vilt_task5_0723_0535_seed4_ratio0.9_01f7bf
spatial,img,False,curl,bc-curl-baseline_img_cam-agent,6,0,1.0,,0.800000011920929,0.8999999761581421,libero_spatial_bc_curl_policy_vilt_task6_0723_0132_seed0_ratio0.9_890198
spatial,img,False,curl,bc-curl-baseline_img_cam-agent,6,1,1.0,,0.699999988079071,0.5,libero_spatial_bc_curl_policy_vilt_task6_0723_0238_seed1_ratio0.9_ac4d02
spatial,img,False,curl,bc-curl-baseline_img_cam-agent,6,2,1.0,,1.0,0.4000000059604645,libero_spatial_bc_curl_policy_vilt_task6_0723_0344_seed2_ratio0.9_34482c
spatial,img,False,curl,bc-curl-baseline_img_cam-agent,6,3,1.0,,1.0,0.699999988079071,libero_spatial_bc_curl_policy_vilt_task6_0723_0447_seed3_ratio0.9_99b574
spatial,img,False,curl,bc-curl-baseline_img_cam-agent,6,4,1.0,,0.699999988079071,0.8999999761581421,libero_spatial_bc_curl_policy_vilt_task6_0723_0550_seed4_ratio0.9_5573e7
spatial,img,False,curl,bc-curl-baseline_img_cam-agent,7,0,1.0,,1.0,0.5,libero_spatial_bc_curl_policy_vilt_task7_0723_0138_seed0_ratio0.9_c0f8de
spatial,img,False,curl,bc-curl-baseline_img_cam-agent,7,1,1.0,,0.699999988079071,1.0,libero_spatial_bc_curl_policy_vilt_task7_0723_0258_seed1_ratio0.9_1e18f2
spatial,img,False,curl,bc-curl-baseline_img_cam-agent,7,2,1.0,,0.8999999761581421,0.699999988079071,libero_spatial_bc_curl_policy_vilt_task7_0723_0414_seed2_ratio0.9_7eb63c
spatial,img,False,curl,bc-curl-baseline_img_cam-agent,7,3,1.0,,0.800000011920929,0.800000011920929,libero_spatial_bc_curl_policy_vilt_task7_0723_0530_seed3_ratio0.9_7432e2
spatial,img,False,curl,bc-curl-baseline_img_cam-agent,7,4,1.0,,0.8999999761581421,0.8999999761581421,libero_spatial_bc_curl_policy_vilt_task7_0723_0648_seed4_ratio0.9_5542c7
spatial,img,False,curl,bc-curl-baseline_img_cam-agent,8,0,1.0,,0.2000000029802322,0.0,libero_spatial_bc_curl_policy_vilt_task8_0723_0145_seed0_ratio0.9_74c614
spatial,img,False,curl,bc-curl-baseline_img_cam-agent,8,1,1.0,,0.0,0.0,libero_spatial_bc_curl_policy_vilt_task8_0723_0252_seed1_ratio0.9_fa1e8b
spatial,img,False,curl,bc-curl-baseline_img_cam-agent,8,2,1.0,,0.0,0.3000000119209289,libero_spatial_bc_curl_policy_vilt_task8_0723_0359_seed2_ratio0.9_ee8ab9
spatial,img,False,curl,bc-curl-baseline_img_cam-agent,8,3,1.0,,0.5,0.699999988079071,libero_spatial_bc_curl_policy_vilt_task8_0723_0505_seed3_ratio0.9_5c95d8
spatial,img,False,curl,bc-curl-baseline_img_cam-agent,8,4,1.0,,0.6000000238418579,0.1000000014901161,libero_spatial_bc_curl_policy_vilt_task8_0723_0611_seed4_ratio0.9_cff07c
spatial,img,False,curl,bc-curl-baseline_img_cam-agent,9,0,1.0,,0.1000000014901161,0.0,libero_spatial_bc_curl_policy_vilt_task9_0723_0221_seed0_ratio0.9_4ff569
spatial,img,False,curl,bc-curl-baseline_img_cam-agent,9,1,1.0,,0.1000000014901161,0.2000000029802322,libero_spatial_bc_curl_policy_vilt_task9_0723_0355_seed1_ratio0.9_e3be00
spatial,img,False,curl,bc-curl-baseline_img_cam-agent,9,2,1.0,,0.0,0.1000000014901161,libero_spatial_bc_curl_policy_vilt_task9_0723_0527_seed2_ratio0.9_ffe73b
spatial,img,False,curl,bc-curl-baseline_img_cam-agent,9,3,1.0,,0.0,0.0,libero_spatial_bc_curl_policy_vilt_task9_0723_0658_seed3_ratio0.9_d02552
spatial,img,False,curl,bc-curl-baseline_img_cam-agent,9,4,1.0,,0.3000000119209289,0.0,libero_spatial_bc_curl_policy_vilt_task9_0723_0829_seed4_ratio0.9_e4c808
goal,img,True,curl,bc-curl-baseline_img_cam-agent_distract,0,0,1.0,,0.0,0.0,libero_goal_bc_curl_policy_vilt_task0_0723_1121_seed0_ratio0.9_9277ba
goal,img,True,curl,bc-curl-baseline_img_cam-agent_distract,0,1,1.0,,0.0,0.0,libero_goal_bc_curl_policy_vilt_task0_0723_1335_seed1_ratio0.9_ae2eac
goal,img,True,curl,bc-curl-baseline_img_cam-agent_distract,0,2,1.0,,0.0,0.0,libero_goal_bc_curl_policy_vilt_task0_0723_1549_seed2_ratio0.9_47c0d4
goal,img,True,curl,bc-curl-baseline_img_cam-agent_distract,0,3,1.0,,0.1000000014901161,0.1000000014901161,libero_goal_bc_curl_policy_vilt_task0_0723_1804_seed3_ratio0.9_0c5635
goal,img,True,curl,bc-curl-baseline_img_cam-agent_distract,0,4,1.0,,0.0,0.0,libero_goal_bc_curl_policy_vilt_task0_0723_2017_seed4_ratio0.9_45e893
goal,img,True,curl,bc-curl-baseline_img_cam-agent_distract,1,0,1.0,,0.0,0.0,libero_goal_bc_curl_policy_vilt_task1_0723_1418_seed0_ratio0.9_a4f7c8
goal,img,True,curl,bc-curl-baseline_img_cam-agent_distract,1,1,1.0,,0.0,0.0,libero_goal_bc_curl_policy_vilt_task1_0723_1543_seed1_ratio0.9_e4d162
goal,img,True,curl,bc-curl-baseline_img_cam-agent_distract,1,2,1.0,,0.0,0.0,libero_goal_bc_curl_policy_vilt_task1_0723_1710_seed2_ratio0.9_971b87
goal,img,True,curl,bc-curl-baseline_img_cam-agent_distract,1,3,1.0,,0.0,0.0,libero_goal_bc_curl_policy_vilt_task1_0723_1833_seed3_ratio0.9_0f2d13
goal,img,True,curl,bc-curl-baseline_img_cam-agent_distract,1,4,1.0,,0.0,0.0,libero_goal_bc_curl_policy_vilt_task1_0723_1958_seed4_ratio0.9_196e4b
goal,img,True,curl,bc-curl-baseline_img_cam-agent_distract,2,0,1.0,,0.0,0.0,libero_goal_bc_curl_policy_vilt_task2_0723_1437_seed0_ratio0.9_13c867
goal,img,True,curl,bc-curl-baseline_img_cam-agent_distract,2,1,1.0,,0.0,0.0,libero_goal_bc_curl_policy_vilt_task2_0723_1608_seed1_ratio0.9_8d0ef0
goal,img,True,curl,bc-curl-baseline_img_cam-agent_distract,2,2,1.0,,0.0,0.0,libero_goal_bc_curl_policy_vilt_task2_0723_1736_seed2_ratio0.9_52dc8e
goal,img,True,curl,bc-curl-baseline_img_cam-agent_distract,2,3,1.0,,0.0,0.0,libero_goal_bc_curl_policy_vilt_task2_0723_1904_seed3_ratio0.9_5aa169
goal,img,True,curl,bc-curl-baseline_img_cam-agent_distract,2,4,1.0,,0.0,0.0,libero_goal_bc_curl_policy_vilt_task2_0723_2032_seed4_ratio0.9_a16db5
goal,img,True,curl,bc-curl-baseline_img_cam-agent_distract,3,0,1.0,,0.0,0.0,libero_goal_bc_curl_policy_vilt_task3_0723_1617_seed0_ratio0.9_835703
goal,img,True,curl,bc-curl-baseline_img_cam-agent_distract,3,1,1.0,,0.0,0.0,libero_goal_bc_curl_policy_vilt_task3_0723_1853_seed1_ratio0.9_e6ab84
goal,img,True,curl,bc-curl-baseline_img_cam-agent_distract,3,2,1.0,,0.0,0.0,libero_goal_bc_curl_policy_vilt_task3_0723_2129_seed2_ratio0.9_cce9b9
goal,img,True,curl,bc-curl-baseline_img_cam-agent_distract,3,3,1.0,,0.0,0.0,libero_goal_bc_curl_policy_vilt_task3_0724_0004_seed3_ratio0.9_266a1a
goal,img,True,curl,bc-curl-baseline_img_cam-agent_distract,3,4,1.0,,0.0,0.0,libero_goal_bc_curl_policy_vilt_task3_0724_0238_seed4_ratio0.9_4d3867
goal,img,True,curl,bc-curl-baseline_img_cam-agent_distract,4,0,1.0,,0.0,0.0,libero_goal_bc_curl_policy_vilt_task4_0723_1813_seed0_ratio0.9_6238f2
goal,img,True,curl,bc-curl-baseline_img_cam-agent_distract,4,1,1.0,,0.0,0.0,libero_goal_bc_curl_policy_vilt_task4_0723_1938_seed1_ratio0.9_4fcbe6
goal,img,True,curl,bc-curl-baseline_img_cam-agent_distract,4,2,1.0,,0.0,0.0,libero_goal_bc_curl_policy_vilt_task4_0723_2105_seed2_ratio0.9_73c360
goal,img,True,curl,bc-curl-baseline_img_cam-agent_distract,4,3,1.0,,0.0,0.0,libero_goal_bc_curl_policy_vilt_task4_0723_2235_seed3_ratio0.9_27d239
goal,img,True,curl,bc-curl-baseline_img_cam-agent_distract,4,4,1.0,,0.0,0.0,libero_goal_bc_curl_policy_vilt_task4_0724_0004_seed4_ratio0.9_29580b
goal,img,True,curl,bc-curl-baseline_img_cam-agent_distract,5,0,1.0,,0.0,0.0,libero_goal_bc_curl_policy_vilt_task5_0723_2049_seed0_ratio0.9_8ecc92
goal,img,True,curl,bc-curl-baseline_img_cam-agent_distract,5,1,1.0,,0.0,0.0,libero_goal_bc_curl_policy_vilt_task5_0723_2253_seed1_ratio0.9_969d30
goal,img,True,curl,bc-curl-baseline_img_cam-agent_distract,5,2,1.0,,0.1000000014901161,0.1000000014901161,libero_goal_bc_curl_policy_vilt_task5_0724_0058_seed2_ratio0.9_202e1a
goal,img,True,curl,bc-curl-baseline_img_cam-agent_distract,5,3,1.0,,0.0,0.0,libero_goal_bc_curl_policy_vilt_task5_0724_0303_seed3_ratio0.9_e29546
goal,img,True,curl,bc-curl-baseline_img_cam-agent_distract,5,4,1.0,,0.3000000119209289,0.3000000119209289,libero_goal_bc_curl_policy_vilt_task5_0724_0506_seed4_ratio0.9_770b38
goal,img,True,curl,bc-curl-baseline_img_cam-agent_distract,6,0,1.0,,0.0,0.0,libero_goal_bc_curl_policy_vilt_task6_0723_2158_seed0_ratio0.9_2c5031
goal,img,True,curl,bc-curl-baseline_img_cam-agent_distract,6,1,1.0,,0.0,0.0,libero_goal_bc_curl_policy_vilt_task6_0723_2330_seed1_ratio0.9_f3de2a
goal,img,True,curl,bc-curl-baseline_img_cam-agent_distract,6,2,1.0,,0.0,0.0,libero_goal_bc_curl_policy_vilt_task6_0724_0058_seed2_ratio0.9_9753d0
goal,img,True,curl,bc-curl-baseline_img_cam-agent_distract,6,3,1.0,,0.2000000029802322,0.2000000029802322,libero_goal_bc_curl_policy_vilt_task6_0724_0227_seed3_ratio0.9_be997e
goal,img,True,curl,bc-curl-baseline_img_cam-agent_distract,6,4,1.0,,0.0,0.0,libero_goal_bc_curl_policy_vilt_task6_0724_0357_seed4_ratio0.9_f1d07b
goal,img,True,curl,bc-curl-baseline_img_cam-agent_distract,7,0,1.0,,0.0,0.0,libero_goal_bc_curl_policy_vilt_task7_0723_2156_seed0_ratio0.9_3db8ed
goal,img,True,curl,bc-curl-baseline_img_cam-agent_distract,7,1,1.0,,0.2000000029802322,0.2000000029802322,libero_goal_bc_curl_policy_vilt_task7_0723_2314_seed1_ratio0.9_e6f7be
goal,img,True,curl,bc-curl-baseline_img_cam-agent_distract,7,2,1.0,,0.3000000119209289,0.3000000119209289,libero_goal_bc_curl_policy_vilt_task7_0724_0032_seed2_ratio0.9_2f9af7
goal,img,True,curl,bc-curl-baseline_img_cam-agent_distract,7,3,1.0,,0.0,0.0,libero_goal_bc_curl_policy_vilt_task7_0724_0151_seed3_ratio0.9_41c222
goal,img,True,curl,bc-curl-baseline_img_cam-agent_distract,7,4,1.0,,0.2000000029802322,0.2000000029802322,libero_goal_bc_curl_policy_vilt_task7_0724_0310_seed4_ratio0.9_d7456a
goal,img,True,curl,bc-curl-baseline_img_cam-agent_distract,8,0,1.0,,0.0,0.0,libero_goal_bc_curl_policy_vilt_task8_0723_2158_seed0_ratio0.9_2b81da
goal,img,True,curl,bc-curl-baseline_img_cam-agent_distract,8,1,1.0,,0.0,0.0,libero_goal_bc_curl_policy_vilt_task8_0723_2318_seed1_ratio0.9_7aacf7
goal,img,True,curl,bc-curl-baseline_img_cam-agent_distract,8,2,1.0,,0.1000000014901161,0.1000000014901161,libero_goal_bc_curl_policy_vilt_task8_0724_0036_seed2_ratio0.9_16e01b
goal,img,True,curl,bc-curl-baseline_img_cam-agent_distract,8,3,1.0,,0.0,0.0,libero_goal_bc_curl_policy_vilt_task8_0724_0155_seed3_ratio0.9_87c694
goal,img,True,curl,bc-curl-baseline_img_cam-agent_distract,8,4,1.0,,0.0,0.0,libero_goal_bc_curl_policy_vilt_task8_0724_0315_seed4_ratio0.9_5e44a3
goal,img,True,curl,bc-curl-baseline_img_cam-agent_distract,9,0,1.0,,0.0,0.0,libero_goal_bc_curl_policy_vilt_task9_0723_1813_seed0_ratio0.9_06faf9
goal,img,True,curl,bc-curl-baseline_img_cam-agent_distract,9,1,1.0,,0.0,0.0,libero_goal_bc_curl_policy_vilt_task9_0723_2028_seed1_ratio0.9_0ba8c1
goal,img,True,curl,bc-curl-baseline_img_cam-agent_distract,9,2,1.0,,0.0,0.0,libero_goal_bc_curl_policy_vilt_task9_0723_2244_seed2_ratio0.9_690785
goal,img,True,curl,bc-curl-baseline_img_cam-agent_distract,9,3,1.0,,0.0,0.0,libero_goal_bc_curl_policy_vilt_task9_0724_0100_seed3_ratio0.9_96f142
goal,img,True,curl,bc-curl-baseline_img_cam-agent_distract,9,4,1.0,,0.0,0.0,libero_goal_bc_curl_policy_vilt_task9_0724_0317_seed4_ratio0.9_3c4dd1
object,img,True,curl,bc-curl-baseline_img_cam-agent_distract,0,0,1.0,,0.0,0.0,libero_object_bc_curl_policy_vilt_task0_0723_0230_seed0_ratio0.9_091284
object,img,True,curl,bc-curl-baseline_img_cam-agent_distract,0,1,1.0,,0.0,0.0,libero_object_bc_curl_policy_vilt_task0_0723_0430_seed1_ratio0.9_10a288
object,img,True,curl,bc-curl-baseline_img_cam-agent_distract,0,2,1.0,,0.1000000014901161,0.1000000014901161,libero_object_bc_curl_policy_vilt_task0_0723_0629_seed2_ratio0.9_da534b
object,img,True,curl,bc-curl-baseline_img_cam-agent_distract,0,3,1.0,,0.0,0.0,libero_object_bc_curl_policy_vilt_task0_0723_0828_seed3_ratio0.9_168579
object,img,True,curl,bc-curl-baseline_img_cam-agent_distract,0,4,1.0,,0.0,0.0,libero_object_bc_curl_policy_vilt_task0_0723_1027_seed4_ratio0.9_8aef7b
object,img,True,curl,bc-curl-baseline_img_cam-agent_distract,1,0,1.0,,0.0,0.0,libero_object_bc_curl_policy_vilt_task1_0723_0706_seed0_ratio0.9_a9b7fb
object,img,True,curl,bc-curl-baseline_img_cam-agent_distract,1,1,1.0,,0.0,0.0,libero_object_bc_curl_policy_vilt_task1_0723_0900_seed1_ratio0.9_871fa4
object,img,True,curl,bc-curl-baseline_img_cam-agent_distract,1,2,1.0,,0.0,0.0,libero_object_bc_curl_policy_vilt_task1_0723_1053_seed2_ratio0.9_e0be91
object,img,True,curl,bc-curl-baseline_img_cam-agent_distract,1,3,1.0,,0.0,0.0,libero_object_bc_curl_policy_vilt_task1_0723_1248_seed3_ratio0.9_176075
object,img,True,curl,bc-curl-baseline_img_cam-agent_distract,1,4,1.0,,0.0,0.0,libero_object_bc_curl_policy_vilt_task1_0723_1443_seed4_ratio0.9_770ead
object,img,True,curl,bc-curl-baseline_img_cam-agent_distract,2,0,1.0,,0.0,0.0,libero_object_bc_curl_policy_vilt_task2_0723_0719_seed0_ratio0.9_1b4c82
object,img,True,curl,bc-curl-baseline_img_cam-agent_distract,2,1,1.0,,0.1000000014901161,0.1000000014901161,libero_object_bc_curl_policy_vilt_task2_0723_0908_seed1_ratio0.9_a6c636
object,img,True,curl,bc-curl-baseline_img_cam-agent_distract,2,2,1.0,,0.0,0.0,libero_object_bc_curl_policy_vilt_task2_0723_1058_seed2_ratio0.9_23c5f1
object,img,True,curl,bc-curl-baseline_img_cam-agent_distract,2,3,1.0,,0.0,0.0,libero_object_bc_curl_policy_vilt_task2_0723_1246_seed3_ratio0.9_ef370b
object,img,True,curl,bc-curl-baseline_img_cam-agent_distract,2,4,1.0,,0.0,0.0,libero_object_bc_curl_policy_vilt_task2_0723_1433_seed4_ratio0.9_d8b6f5
object,img,True,curl,bc-curl-baseline_img_cam-agent_distract,3,0,1.0,,0.0,0.0,libero_object_bc_curl_policy_vilt_task3_0723_0741_seed0_ratio0.9_1c5f16
object,img,True,curl,bc-curl-baseline_img_cam-agent_distract,3,1,1.0,,0.0,0.0,libero_object_bc_curl_policy_vilt_task3_0723_0934_seed1_ratio0.9_c9fb1a
object,img,True,curl,bc-curl-baseline_img_cam-agent_distract,3,2,1.0,,0.0,0.0,libero_object_bc_curl_policy_vilt_task3_0723_1128_seed2_ratio0.9_b159fd
object,img,True,curl,bc-curl-baseline_img_cam-agent_distract,3,3,1.0,,0.0,0.0,libero_object_bc_curl_policy_vilt_task3_0723_1322_seed3_ratio0.9_dcb2cc
object,img,True,curl,bc-curl-baseline_img_cam-agent_distract,3,4,1.0,,0.0,0.0,libero_object_bc_curl_policy_vilt_task3_0723_1517_seed4_ratio0.9_6bc3a8
object,img,True,curl,bc-curl-baseline_img_cam-agent_distract,4,0,1.0,,0.0,0.0,libero_object_bc_curl_policy_vilt_task4_0723_0805_seed0_ratio0.9_01461c
object,img,True,curl,bc-curl-baseline_img_cam-agent_distract,4,1,1.0,,0.0,0.0,libero_object_bc_curl_policy_vilt_task4_0723_1011_seed1_ratio0.9_f957b7
object,img,True,curl,bc-curl-baseline_img_cam-agent_distract,4,2,1.0,,0.1000000014901161,0.1000000014901161,libero_object_bc_curl_policy_vilt_task4_0723_1219_seed2_ratio0.9_017779
object,img,True,curl,bc-curl-baseline_img_cam-agent_distract,4,3,1.0,,0.0,0.0,libero_object_bc_curl_policy_vilt_task4_0723_1429_seed3_ratio0.9_eaf327
object,img,True,curl,bc-curl-baseline_img_cam-agent_distract,4,4,1.0,,0.0,0.0,libero_object_bc_curl_policy_vilt_task4_0723_1633_seed4_ratio0.9_f205d9
object,img,True,curl,bc-curl-baseline_img_cam-agent_distract,5,0,1.0,,0.0,0.0,libero_object_bc_curl_policy_vilt_task5_0723_0849_seed0_ratio0.9_831ba3
object,img,True,curl,bc-curl-baseline_img_cam-agent_distract,5,1,1.0,,0.0,0.0,libero_object_bc_curl_policy_vilt_task5_0723_1051_seed1_ratio0.9_36f99a
object,img,True,curl,bc-curl-baseline_img_cam-agent_distract,5,2,1.0,,0.0,0.0,libero_object_bc_curl_policy_vilt_task5_0723_1251_seed2_ratio0.9_2afe38
object,img,True,curl,bc-curl-baseline_img_cam-agent_distract,5,3,1.0,,0.0,0.0,libero_object_bc_curl_policy_vilt_task5_0723_1450_seed3_ratio0.9_0e3ee7
object,img,True,curl,bc-curl-baseline_img_cam-agent_distract,5,4,1.0,,0.0,0.0,libero_object_bc_curl_policy_vilt_task5_0723_1649_seed4_ratio0.9_11fc77
object,img,True,curl,bc-curl-baseline_img_cam-agent_distract,6,0,1.0,,0.0,0.0,libero_object_bc_curl_policy_vilt_task6_0723_0911_seed0_ratio0.9_34821c
object,img,True,curl,bc-curl-baseline_img_cam-agent_distract,6,1,1.0,,0.0,0.0,libero_object_bc_curl_policy_vilt_task6_0723_1111_seed1_ratio0.9_edfdfc
object,img,True,curl,bc-curl-baseline_img_cam-agent_distract,6,2,1.0,,0.0,0.0,libero_object_bc_curl_policy_vilt_task6_0723_1312_seed2_ratio0.9_1d5716
object,img,True,curl,bc-curl-baseline_img_cam-agent_distract,6,3,1.0,,0.0,0.0,libero_object_bc_curl_policy_vilt_task6_0723_1511_seed3_ratio0.9_526fb4
object,img,True,curl,bc-curl-baseline_img_cam-agent_distract,6,4,1.0,,0.0,0.0,libero_object_bc_curl_policy_vilt_task6_0723_1711_seed4_ratio0.9_2754be
object,img,True,curl,bc-curl-baseline_img_cam-agent_distract,7,0,1.0,,0.0,0.0,libero_object_bc_curl_policy_vilt_task7_0723_0925_seed0_ratio0.9_4bcf7a
object,img,True,curl,bc-curl-baseline_img_cam-agent_distract,7,1,1.0,,0.0,0.0,libero_object_bc_curl_policy_vilt_task7_0723_1138_seed1_ratio0.9_31446f
object,img,True,curl,bc-curl-baseline_img_cam-agent_distract,7,2,1.0,,0.0,0.0,libero_object_bc_curl_policy_vilt_task7_0723_1352_seed2_ratio0.9_0e81c6
object,img,True,curl,bc-curl-baseline_img_cam-agent_distract,7,3,1.0,,0.0,0.0,libero_object_bc_curl_policy_vilt_task7_0723_1605_seed3_ratio0.9_3bdc8b
object,img,True,curl,bc-curl-baseline_img_cam-agent_distract,7,4,1.0,,0.0,0.0,libero_object_bc_curl_policy_vilt_task7_0723_1817_seed4_ratio0.9_953534
object,img,True,curl,bc-curl-baseline_img_cam-agent_distract,8,0,1.0,,0.0,0.0,libero_object_bc_curl_policy_vilt_task8_0723_0940_seed0_ratio0.9_11a374
object,img,True,curl,bc-curl-baseline_img_cam-agent_distract,8,1,1.0,,0.0,0.0,libero_object_bc_curl_policy_vilt_task8_0723_1142_seed1_ratio0.9_cc40a4
object,img,True,curl,bc-curl-baseline_img_cam-agent_distract,8,2,1.0,,0.0,0.0,libero_object_bc_curl_policy_vilt_task8_0723_1345_seed2_ratio0.9_87cad3
object,img,True,curl,bc-curl-baseline_img_cam-agent_distract,8,3,1.0,,0.0,0.0,libero_object_bc_curl_policy_vilt_task8_0723_1549_seed3_ratio0.9_1923de
object,img,True,curl,bc-curl-baseline_img_cam-agent_distract,8,4,1.0,,0.0,0.0,libero_object_bc_curl_policy_vilt_task8_0723_1753_seed4_ratio0.9_94e427
object,img,True,curl,bc-curl-baseline_img_cam-agent_distract,9,0,1.0,,0.0,0.0,libero_object_bc_curl_policy_vilt_task9_0723_0957_seed0_ratio0.9_a723d5
object,img,True,curl,bc-curl-baseline_img_cam-agent_distract,9,1,1.0,,0.1000000014901161,0.1000000014901161,libero_object_bc_curl_policy_vilt_task9_0723_1151_seed1_ratio0.9_8475ca
object,img,True,curl,bc-curl-baseline_img_cam-agent_distract,9,2,1.0,,0.0,0.0,libero_object_bc_curl_policy_vilt_task9_0723_1345_seed2_ratio0.9_ea4884
object,img,True,curl,bc-curl-baseline_img_cam-agent_distract,9,3,1.0,,0.0,0.0,libero_object_bc_curl_policy_vilt_task9_0723_1539_seed3_ratio0.9_751eb6
object,img,True,curl,bc-curl-baseline_img_cam-agent_distract,9,4,1.0,,0.0,0.0,libero_object_bc_curl_policy_vilt_task9_0723_1736_seed4_ratio0.9_6a860e
spatial,img,True,curl,bc-curl-baseline_img_cam-agent_distract,0,0,1.0,,0.2000000029802322,0.2000000029802322,libero_spatial_bc_curl_policy_vilt_task0_0723_0045_seed0_ratio0.9_14ccdf
spatial,img,True,curl,bc-curl-baseline_img_cam-agent_distract,0,1,1.0,,0.0,0.0,libero_spatial_bc_curl_policy_vilt_task0_0723_0212_seed1_ratio0.9_89fd48
spatial,img,True,curl,bc-curl-baseline_img_cam-agent_distract,0,2,1.0,,0.0,0.0,libero_spatial_bc_curl_policy_vilt_task0_0723_0338_seed2_ratio0.9_dd4ed0
spatial,img,True,curl,bc-curl-baseline_img_cam-agent_distract,0,3,1.0,,0.0,0.0,libero_spatial_bc_curl_policy_vilt_task0_0723_0506_seed3_ratio0.9_b07e12
spatial,img,True,curl,bc-curl-baseline_img_cam-agent_distract,0,4,1.0,,0.1000000014901161,0.1000000014901161,libero_spatial_bc_curl_policy_vilt_task0_0723_0632_seed4_ratio0.9_79771f
spatial,img,True,curl,bc-curl-baseline_img_cam-agent_distract,1,0,1.0,,0.0,0.0,libero_spatial_bc_curl_policy_vilt_task1_0723_0050_seed0_ratio0.9_4e0afa
spatial,img,True,curl,bc-curl-baseline_img_cam-agent_distract,1,1,1.0,,0.0,0.0,libero_spatial_bc_curl_policy_vilt_task1_0723_0244_seed1_ratio0.9_e4cdf1
spatial,img,True,curl,bc-curl-baseline_img_cam-agent_distract,1,2,1.0,,0.0,0.0,libero_spatial_bc_curl_policy_vilt_task1_0723_0439_seed2_ratio0.9_8f51d0
spatial,img,True,curl,bc-curl-baseline_img_cam-agent_distract,1,3,1.0,,0.0,0.0,libero_spatial_bc_curl_policy_vilt_task1_0723_0634_seed3_ratio0.9_05dc7e
spatial,img,True,curl,bc-curl-baseline_img_cam-agent_distract,1,4,1.0,,0.0,0.0,libero_spatial_bc_curl_policy_vilt_task1_0723_0827_seed4_ratio0.9_863465
spatial,img,True,curl,bc-curl-baseline_img_cam-agent_distract,2,0,1.0,,0.0,0.0,libero_spatial_bc_curl_policy_vilt_task2_0723_0058_seed0_ratio0.9_ccf9b8
spatial,img,True,curl,bc-curl-baseline_img_cam-agent_distract,2,1,1.0,,0.0,0.0,libero_spatial_bc_curl_policy_vilt_task2_0723_0235_seed1_ratio0.9_79edea
spatial,img,True,curl,bc-curl-baseline_img_cam-agent_distract,2,2,1.0,,0.1000000014901161,0.1000000014901161,libero_spatial_bc_curl_policy_vilt_task2_0723_0410_seed2_ratio0.9_a26e4e
spatial,img,True,curl,bc-curl-baseline_img_cam-agent_distract,2,3,1.0,,0.1000000014901161,0.1000000014901161,libero_spatial_bc_curl_policy_vilt_task2_0723_0548_seed3_ratio0.9_2badbd
spatial,img,True,curl,bc-curl-baseline_img_cam-agent_distract,2,4,1.0,,0.3000000119209289,0.3000000119209289,libero_spatial_bc_curl_policy_vilt_task2_0723_0724_seed4_ratio0.9_e54863
spatial,img,True,curl,bc-curl-baseline_img_cam-agent_distract,3,0,1.0,,0.3000000119209289,0.3000000119209289,libero_spatial_bc_curl_policy_vilt_task3_0723_0114_seed0_ratio0.9_16b43c
spatial,img,True,curl,bc-curl-baseline_img_cam-agent_distract,3,1,1.0,,0.1000000014901161,0.1000000014901161,libero_spatial_bc_curl_policy_vilt_task3_0723_0246_seed1_ratio0.9_745e1b
spatial,img,True,curl,bc-curl-baseline_img_cam-agent_distract,3,2,1.0,,0.1000000014901161,0.1000000014901161,libero_spatial_bc_curl_policy_vilt_task3_0723_0417_seed2_ratio0.9_0129e6
spatial,img,True,curl,bc-curl-baseline_img_cam-agent_distract,3,3,1.0,,0.0,0.0,libero_spatial_bc_curl_policy_vilt_task3_0723_0547_seed3_ratio0.9_29e13e
spatial,img,True,curl,bc-curl-baseline_img_cam-agent_distract,3,4,1.0,,0.2000000029802322,0.2000000029802322,libero_spatial_bc_curl_policy_vilt_task3_0723_0718_seed4_ratio0.9_164cf5
spatial,img,True,curl,bc-curl-baseline_img_cam-agent_distract,4,0,1.0,,0.0,0.0,libero_spatial_bc_curl_policy_vilt_task4_0723_0120_seed0_ratio0.9_41920e
spatial,img,True,curl,bc-curl-baseline_img_cam-agent_distract,4,1,1.0,,0.0,0.0,libero_spatial_bc_curl_policy_vilt_task4_0723_0324_seed1_ratio0.9_95dbc0
spatial,img,True,curl,bc-curl-baseline_img_cam-agent_distract,4,2,1.0,,0.0,0.0,libero_spatial_bc_curl_policy_vilt_task4_0723_0528_seed2_ratio0.9_851d7b
spatial,img,True,curl,bc-curl-baseline_img_cam-agent_distract,4,3,1.0,,0.0,0.0,libero_spatial_bc_curl_policy_vilt_task4_0723_0732_seed3_ratio0.9_63e21c
spatial,img,True,curl,bc-curl-baseline_img_cam-agent_distract,4,4,1.0,,0.0,0.0,libero_spatial_bc_curl_policy_vilt_task4_0723_0938_seed4_ratio0.9_17ca6a
spatial,img,True,curl,bc-curl-baseline_img_cam-agent_distract,5,0,1.0,,0.0,0.0,libero_spatial_bc_curl_policy_vilt_task5_0723_0126_seed0_ratio0.9_4ac23a
spatial,img,True,curl,bc-curl-baseline_img_cam-agent_distract,5,1,1.0,,0.0,0.0,libero_spatial_bc_curl_policy_vilt_task5_0723_0309_seed1_ratio0.9_167443
spatial,img,True,curl,bc-curl-baseline_img_cam-agent_distract,5,2,1.0,,0.0,0.0,libero_spatial_bc_curl_policy_vilt_task5_0723_0452_seed2_ratio0.9_9e0ead
spatial,img,True,curl,bc-curl-baseline_img_cam-agent_distract,5,3,1.0,,0.0,0.0,libero_spatial_bc_curl_policy_vilt_task5_0723_0636_seed3_ratio0.9_7663a5
spatial,img,True,curl,bc-curl-baseline_img_cam-agent_distract,5,4,1.0,,0.0,0.0,libero_spatial_bc_curl_policy_vilt_task5_0723_0817_seed4_ratio0.9_5feac0
spatial,img,True,curl,bc-curl-baseline_img_cam-agent_distract,6,0,1.0,,0.1000000014901161,0.1000000014901161,libero_spatial_bc_curl_policy_vilt_task6_0723_0138_seed0_ratio0.9_fb26de
spatial,img,True,curl,bc-curl-baseline_img_cam-agent_distract,6,1,1.0,,0.0,0.0,libero_spatial_bc_curl_policy_vilt_task6_0723_0321_seed1_ratio0.9_e95db1
spatial,img,True,curl,bc-curl-baseline_img_cam-agent_distract,6,2,1.0,,0.1000000014901161,0.1000000014901161,libero_spatial_bc_curl_policy_vilt_task6_0723_0503_seed2_ratio0.9_60444b
spatial,img,True,curl,bc-curl-baseline_img_cam-agent_distract,6,3,1.0,,0.0,0.0,libero_spatial_bc_curl_policy_vilt_task6_0723_0646_seed3_ratio0.9_f9dbc5
spatial,img,True,curl,bc-curl-baseline_img_cam-agent_distract,6,4,1.0,,0.1000000014901161,0.1000000014901161,libero_spatial_bc_curl_policy_vilt_task6_0723_0827_seed4_ratio0.9_d4bfeb
spatial,img,True,curl,bc-curl-baseline_img_cam-agent_distract,7,0,1.0,,0.1000000014901161,0.1000000014901161,libero_spatial_bc_curl_policy_vilt_task7_0723_0143_seed0_ratio0.9_06d9c8
spatial,img,True,curl,bc-curl-baseline_img_cam-agent_distract,7,1,1.0,,0.0,0.0,libero_spatial_bc_curl_policy_vilt_task7_0723_0402_seed1_ratio0.9_b299b4
spatial,img,True,curl,bc-curl-baseline_img_cam-agent_distract,7,2,1.0,,0.0,0.0,libero_spatial_bc_curl_policy_vilt_task7_0723_0621_seed2_ratio0.9_b252b5
spatial,img,True,curl,bc-curl-baseline_img_cam-agent_distract,7,3,1.0,,0.1000000014901161,0.1000000014901161,libero_spatial_bc_curl_policy_vilt_task7_0723_0838_seed3_ratio0.9_b824b6
spatial,img,True,curl,bc-curl-baseline_img_cam-agent_distract,7,4,1.0,,0.0,0.0,libero_spatial_bc_curl_policy_vilt_task7_0723_1055_seed4_ratio0.9_0402af
spatial,img,True,curl,bc-curl-baseline_img_cam-agent_distract,8,0,1.0,,0.0,0.0,libero_spatial_bc_curl_policy_vilt_task8_0723_0148_seed0_ratio0.9_cb14cd
spatial,img,True,curl,bc-curl-baseline_img_cam-agent_distract,8,1,1.0,,0.0,0.0,libero_spatial_bc_curl_policy_vilt_task8_0723_0328_seed1_ratio0.9_2d25ea
spatial,img,True,curl,bc-curl-baseline_img_cam-agent_distract,8,2,1.0,,0.2000000029802322,0.2000000029802322,libero_spatial_bc_curl_policy_vilt_task8_0723_0506_seed2_ratio0.9_ac093f
spatial,img,True,curl,bc-curl-baseline_img_cam-agent_distract,8,3,1.0,,0.0,0.0,libero_spatial_bc_curl_policy_vilt_task8_0723_0645_seed3_ratio0.9_10cea8
spatial,img,True,curl,bc-curl-baseline_img_cam-agent_distract,8,4,1.0,,0.0,0.0,libero_spatial_bc_curl_policy_vilt_task8_0723_0823_seed4_ratio0.9_b21e14
spatial,img,True,curl,bc-curl-baseline_img_cam-agent_distract,9,0,1.0,,0.0,0.0,libero_spatial_bc_curl_policy_vilt_task9_0723_0222_seed0_ratio0.9_6260f1
spatial,img,True,curl,bc-curl-baseline_img_cam-agent_distract,9,1,1.0,,0.0,0.0,libero_spatial_bc_curl_policy_vilt_task9_0723_0420_seed1_ratio0.9_ff11af
spatial,img,True,curl,bc-curl-baseline_img_cam-agent_distract,9,2,1.0,,0.0,0.0,libero_spatial_bc_curl_policy_vilt_task9_0723_0617_seed2_ratio0.9_799d13
spatial,img,True,curl,bc-curl-baseline_img_cam-agent_distract,9,3,1.0,,0.0,0.0,libero_spatial_bc_curl_policy_vilt_task9_0723_0813_seed3_ratio0.9_b09c7d
spatial,img,True,curl,bc-curl-baseline_img_cam-agent_distract,9,4,1.0,,0.0,0.0,libero_spatial_bc_curl_policy_vilt_task9_0723_1013_seed4_ratio0.9_01b378
goal,img,False,icvf,bc-icvf-weight-rerun_img_cam-agent,0,0,0.01,,0.800000011920929,0.8999999761581421,libero_goal_bc_icvf_policy_vilt_task0_0822_1002_seed0_ratio0.9_da6971
goal,img,False,icvf,bc-icvf-weight-rerun_img_cam-agent,0,1,0.01,,1.0,0.800000011920929,libero_goal_bc_icvf_policy_vilt_task0_0822_1117_seed1_ratio0.9_bbb7e6
goal,img,False,icvf,bc-icvf-weight-rerun_img_cam-agent,0,2,0.01,,0.8999999761581421,1.0,libero_goal_bc_icvf_policy_vilt_task0_0822_1230_seed2_ratio0.9_1e78be
goal,img,False,icvf,bc-icvf-weight-rerun_img_cam-agent,0,3,0.01,,1.0,1.0,libero_goal_bc_icvf_policy_vilt_task0_0822_1344_seed3_ratio0.9_9f66ed
goal,img,False,icvf,bc-icvf-weight-rerun_img_cam-agent,0,4,0.01,,0.5,1.0,libero_goal_bc_icvf_policy_vilt_task0_0822_1002_seed4_ratio0.9_3d5208
goal,img,False,icvf,bc-icvf-weight-rerun_img_cam-agent,1,0,0.01,,1.0,1.0,libero_goal_bc_icvf_policy_vilt_task1_0822_1357_seed0_ratio0.9_aac7bf
goal,img,False,icvf,bc-icvf-weight-rerun_img_cam-agent,1,1,0.01,,0.800000011920929,0.8999999761581421,libero_goal_bc_icvf_policy_vilt_task1_0822_1448_seed1_ratio0.9_df6a19
goal,img,False,icvf,bc-icvf-weight-rerun_img_cam-agent,1,2,0.01,,1.0,1.0,libero_goal_bc_icvf_policy_vilt_task1_0822_1002_seed2_ratio0.9_712628
goal,img,False,icvf,bc-icvf-weight-rerun_img_cam-agent,1,3,0.01,,0.8999999761581421,1.0,libero_goal_bc_icvf_policy_vilt_task1_0822_1054_seed3_ratio0.9_540b94
goal,img,False,icvf,bc-icvf-weight-rerun_img_cam-agent,1,4,0.01,,1.0,0.8999999761581421,libero_goal_bc_icvf_policy_vilt_task1_0822_1146_seed4_ratio0.9_03d596
goal,img,False,icvf,bc-icvf-weight-rerun_img_cam-agent,2,0,0.01,,0.0,0.3000000119209289,libero_goal_bc_icvf_policy_vilt_task2_0822_1002_seed0_ratio0.9_99d4b2
goal,img,False,icvf,bc-icvf-weight-rerun_img_cam-agent,2,1,0.01,,0.800000011920929,0.5,libero_goal_bc_icvf_policy_vilt_task2_0822_1101_seed1_ratio0.9_935f39
goal,img,False,icvf,bc-icvf-weight-rerun_img_cam-agent,2,2,0.01,,0.8999999761581421,1.0,libero_goal_bc_icvf_policy_vilt_task2_0822_1159_seed2_ratio0.9_3b9ac3
goal,img,False,icvf,bc-icvf-weight-rerun_img_cam-agent,2,3,0.01,,0.3000000119209289,0.699999988079071,libero_goal_bc_icvf_policy_vilt_task2_0822_1257_seed3_ratio0.9_d93cef
goal,img,False,icvf,bc-icvf-weight-rerun_img_cam-agent,2,4,0.01,,1.0,1.0,libero_goal_bc_icvf_policy_vilt_task2_0822_1002_seed4_ratio0.9_82e350
goal,img,False,icvf,bc-icvf-weight-rerun_img_cam-agent,3,0,0.01,,0.6000000238418579,0.3000000119209289,libero_goal_bc_icvf_policy_vilt_task3_0822_1308_seed0_ratio0.9_3c9dff
goal,img,False,icvf,bc-icvf-weight-rerun_img_cam-agent,3,1,0.01,,0.699999988079071,0.3000000119209289,libero_goal_bc_icvf_policy_vilt_task3_0822_1450_seed1_ratio0.9_dd0968
goal,img,False,icvf,bc-icvf-weight-rerun_img_cam-agent,3,2,0.01,,0.4000000059604645,1.0,libero_goal_bc_icvf_policy_vilt_task3_0822_1003_seed2_ratio0.9_d69482
goal,img,False,icvf,bc-icvf-weight-rerun_img_cam-agent,3,3,0.01,,0.800000011920929,0.4000000059604645,libero_goal_bc_icvf_policy_vilt_task3_0822_1210_seed3_ratio0.9_218cd2
goal,img,False,icvf,bc-icvf-weight-rerun_img_cam-agent,3,4,0.01,,0.800000011920929,0.800000011920929,libero_goal_bc_icvf_policy_vilt_task3_0822_1418_seed4_ratio0.9_6df223
goal,img,False,icvf,bc-icvf-weight-rerun_img_cam-agent,4,0,0.01,,0.8999999761581421,0.699999988079071,libero_goal_bc_icvf_policy_vilt_task4_0822_1002_seed0_ratio0.9_c63e08
goal,img,False,icvf,bc-icvf-weight-rerun_img_cam-agent,4,1,0.01,,0.699999988079071,0.699999988079071,libero_goal_bc_icvf_policy_vilt_task4_0822_1115_seed1_ratio0.9_f8a07e
goal,img,False,icvf,bc-icvf-weight-rerun_img_cam-agent,4,2,0.01,,0.800000011920929,0.699999988079071,libero_goal_bc_icvf_policy_vilt_task4_0822_1228_seed2_ratio0.9_af221c
goal,img,False,icvf,bc-icvf-weight-rerun_img_cam-agent,4,3,0.01,,0.4000000059604645,0.4000000059604645,libero_goal_bc_icvf_policy_vilt_task4_0822_1341_seed3_ratio0.9_3dcc55
goal,img,False,icvf,bc-icvf-weight-rerun_img_cam-agent,4,4,0.01,,0.800000011920929,0.699999988079071,libero_goal_bc_icvf_policy_vilt_task4_0822_1011_seed4_ratio0.9_4ec86a
goal,img,False,icvf,bc-icvf-weight-rerun_img_cam-agent,5,0,0.01,,0.8999999761581421,0.699999988079071,libero_goal_bc_icvf_policy_vilt_task5_0822_2358_seed0_ratio0.9_74264a
goal,img,False,icvf,bc-icvf-weight-rerun_img_cam-agent,5,1,0.01,,0.8999999761581421,0.6000000238418579,libero_goal_bc_icvf_policy_vilt_task5_0823_0117_seed1_ratio0.9_94ff1f
goal,img,False,icvf,bc-icvf-weight-rerun_img_cam-agent,5,2,0.01,,0.8999999761581421,1.0,libero_goal_bc_icvf_policy_vilt_task5_0822_2101_seed2_ratio0.9_4bbd7d
goal,img,False,icvf,bc-icvf-weight-rerun_img_cam-agent,5,3,0.01,,1.0,0.8999999761581421,libero_goal_bc_icvf_policy_vilt_task5_0822_2220_seed3_ratio0.9_499408
goal,img,False,icvf,bc-icvf-weight-rerun_img_cam-agent,5,4,0.01,,0.699999988079071,0.8999999761581421,libero_goal_bc_icvf_policy_vilt_task5_0822_2338_seed4_ratio0.9_8785af
goal,img,False,icvf,bc-icvf-weight-rerun_img_cam-agent,6,0,0.01,,0.800000011920929,0.800000011920929,libero_goal_bc_icvf_policy_vilt_task6_0822_2101_seed0_ratio0.9_8ff1a2
goal,img,False,icvf,bc-icvf-weight-rerun_img_cam-agent,6,1,0.01,,0.8999999761581421,0.699999988079071,libero_goal_bc_icvf_policy_vilt_task6_0822_2159_seed1_ratio0.9_522150
goal,img,False,icvf,bc-icvf-weight-rerun_img_cam-agent,6,2,0.01,,0.6000000238418579,0.800000011920929,libero_goal_bc_icvf_policy_vilt_task6_0822_2257_seed2_ratio0.9_620c56
goal,img,False,icvf,bc-icvf-weight-rerun_img_cam-agent,6,3,0.01,,0.800000011920929,0.699999988079071,libero_goal_bc_icvf_policy_vilt_task6_0822_2355_seed3_ratio0.9_0b67e1
goal,img,False,icvf,bc-icvf-weight-rerun_img_cam-agent,6,4,0.01,,1.0,0.4000000059604645,libero_goal_bc_icvf_policy_vilt_task6_0822_2101_seed4_ratio0.9_8929b1
goal,img,False,icvf,bc-icvf-weight-rerun_img_cam-agent,7,0,0.01,,1.0,0.8999999761581421,libero_goal_bc_icvf_policy_vilt_task7_0823_0005_seed0_ratio0.9_144f2d
goal,img,False,icvf,bc-icvf-weight-rerun_img_cam-agent,7,1,0.01,,1.0,1.0,libero_goal_bc_icvf_policy_vilt_task7_0823_0051_seed1_ratio0.9_af9c7a
goal,img,False,icvf,bc-icvf-weight-rerun_img_cam-agent,7,2,0.01,,1.0,1.0,libero_goal_bc_icvf_policy_vilt_task7_0822_2101_seed2_ratio0.9_0813cf
goal,img,False,icvf,bc-icvf-weight-rerun_img_cam-agent,7,3,0.01,,1.0,1.0,libero_goal_bc_icvf_policy_vilt_task7_0822_2148_seed3_ratio0.9_9f91e9
goal,img,False,icvf,bc-icvf-weight-rerun_img_cam-agent,7,4,0.01,,1.0,1.0,libero_goal_bc_icvf_policy_vilt_task7_0822_2233_seed4_ratio0.9_62da32
goal,img,False,icvf,bc-icvf-weight-rerun_img_cam-agent,8,0,0.01,,0.1000000014901161,0.6000000238418579,libero_goal_bc_icvf_policy_vilt_task8_0822_2101_seed0_ratio0.9_5ca098
goal,img,False,icvf,bc-icvf-weight-rerun_img_cam-agent,8,1,0.01,,0.8999999761581421,0.4000000059604645,libero_goal_bc_icvf_policy_vilt_task8_0822_2155_seed1_ratio0.9_716617
goal,img,False,icvf,bc-icvf-weight-rerun_img_cam-agent,8,2,0.01,,0.6000000238418579,0.699999988079071,libero_goal_bc_icvf_policy_vilt_task8_0822_2249_seed2_ratio0.9_a58b50
goal,img,False,icvf,bc-icvf-weight-rerun_img_cam-agent,8,3,0.01,,0.699999988079071,0.4000000059604645,libero_goal_bc_icvf_policy_vilt_task8_0822_2343_seed3_ratio0.9_51cb50
goal,img,False,icvf,bc-icvf-weight-rerun_img_cam-agent,8,4,0.01,,0.800000011920929,0.8999999761581421,libero_goal_bc_icvf_policy_vilt_task8_0822_2101_seed4_ratio0.9_eab36c
goal,img,False,icvf,bc-icvf-weight-rerun_img_cam-agent,9,0,0.01,,0.4000000059604645,0.4000000059604645,libero_goal_bc_icvf_policy_vilt_task9_0822_2347_seed0_ratio0.9_095458
goal,img,False,icvf,bc-icvf-weight-rerun_img_cam-agent,9,1,0.01,,0.4000000059604645,0.4000000059604645,libero_goal_bc_icvf_policy_vilt_task9_0823_0114_seed1_ratio0.9_1b0187
object,img,False,icvf,bc-icvf-weight-rerun_img_cam-agent,2,0,0.01,,0.0,0.8999999761581421,libero_object_bc_icvf_policy_vilt_task2_0822_2101_seed0_ratio0.9_559b73
object,img,False,icvf,bc-icvf-weight-rerun_img_cam-agent,2,1,0.01,,0.800000011920929,0.2000000029802322,libero_object_bc_icvf_policy_vilt_task2_0822_2208_seed1_ratio0.9_7976de
object,img,False,icvf,bc-icvf-weight-rerun_img_cam-agent,2,2,0.01,,1.0,0.699999988079071,libero_object_bc_icvf_policy_vilt_task2_0822_2316_seed2_ratio0.9_61519c
object,img,False,icvf,bc-icvf-weight-rerun_img_cam-agent,2,3,0.01,,0.699999988079071,0.8999999761581421,libero_object_bc_icvf_policy_vilt_task2_0823_0022_seed3_ratio0.9_5c5b76
object,img,False,icvf,bc-icvf-weight-rerun_img_cam-agent,2,4,0.01,,0.8999999761581421,1.0,libero_object_bc_icvf_policy_vilt_task2_0822_2101_seed4_ratio0.9_d4ef32
object,img,False,icvf,bc-icvf-weight-rerun_img_cam-agent,3,0,0.01,,1.0,0.5,libero_object_bc_icvf_policy_vilt_task3_0823_0046_seed0_ratio0.9_de6165
object,img,False,icvf,bc-icvf-weight-rerun_img_cam-agent,3,1,0.01,,0.6000000238418579,0.0,libero_object_bc_icvf_policy_vilt_task3_0823_0200_seed1_ratio0.9_4119cb
object,img,False,icvf,bc-icvf-weight-rerun_img_cam-agent,3,2,0.01,,0.8999999761581421,1.0,libero_object_bc_icvf_policy_vilt_task3_0822_2101_seed2_ratio0.9_41f839
object,img,False,icvf,bc-icvf-weight-rerun_img_cam-agent,3,3,0.01,,0.5,1.0,libero_object_bc_icvf_policy_vilt_task3_0822_2213_seed3_ratio0.9_ae345d
object,img,False,icvf,bc-icvf-weight-rerun_img_cam-agent,3,4,0.01,,0.699999988079071,0.699999988079071,libero_object_bc_icvf_policy_vilt_task3_0822_2326_seed4_ratio0.9_59ddb3
object,img,False,icvf,bc-icvf-weight-rerun_img_cam-agent,4,0,0.01,,1.0,1.0,libero_object_bc_icvf_policy_vilt_task4_0822_2101_seed0_ratio0.9_92828e
object,img,False,icvf,bc-icvf-weight-rerun_img_cam-agent,4,1,0.01,,0.0,0.1000000014901161,libero_object_bc_icvf_policy_vilt_task4_0822_2220_seed1_ratio0.9_7e4800
object,img,False,icvf,bc-icvf-weight-rerun_img_cam-agent,4,2,0.01,,0.6000000238418579,1.0,libero_object_bc_icvf_policy_vilt_task4_0822_2338_seed2_ratio0.9_787e8a
object,img,False,icvf,bc-icvf-weight-rerun_img_cam-agent,4,3,0.01,,0.8999999761581421,0.8999999761581421,libero_object_bc_icvf_policy_vilt_task4_0823_0056_seed3_ratio0.9_595507
object,img,False,icvf,bc-icvf-weight-rerun_img_cam-agent,4,4,0.01,,0.3000000119209289,0.6000000238418579,libero_object_bc_icvf_policy_vilt_task4_0822_2101_seed4_ratio0.9_2b5a92
object,img,False,icvf,bc-icvf-weight-rerun_img_cam-agent,5,0,0.01,,1.0,0.800000011920929,libero_object_bc_icvf_policy_vilt_task5_0823_0115_seed0_ratio0.9_fcc758
object,img,False,icvf,bc-icvf-weight-rerun_img_cam-agent,5,1,0.01,,0.8999999761581421,0.8999999761581421,libero_object_bc_icvf_policy_vilt_task5_0823_0229_seed1_ratio0.9_25d721
object,img,False,icvf,bc-icvf-weight-rerun_img_cam-agent,5,2,0.01,,0.8999999761581421,1.0,libero_object_bc_icvf_policy_vilt_task5_0822_2101_seed2_ratio0.9_ac4b90
object,img,False,icvf,bc-icvf-weight-rerun_img_cam-agent,5,3,0.01,,0.6000000238418579,0.800000011920929,libero_object_bc_icvf_policy_vilt_task5_0822_2217_seed3_ratio0.9_2d7c72
object,img,False,icvf,bc-icvf-weight-rerun_img_cam-agent,5,4,0.01,,1.0,0.8999999761581421,libero_object_bc_icvf_policy_vilt_task5_0822_2334_seed4_ratio0.9_bbb656
object,img,False,icvf,bc-icvf-weight-rerun_img_cam-agent,6,0,0.01,,0.699999988079071,1.0,libero_object_bc_icvf_policy_vilt_task6_0822_2101_seed0_ratio0.9_cfdeff
object,img,False,icvf,bc-icvf-weight-rerun_img_cam-agent,6,1,0.01,,0.800000011920929,0.800000011920929,libero_object_bc_icvf_policy_vilt_task6_0822_2218_seed1_ratio0.9_91b899
object,img,False,icvf,bc-icvf-weight-rerun_img_cam-agent,6,2,0.01,,1.0,0.8999999761581421,libero_object_bc_icvf_policy_vilt_task6_0822_2335_seed2_ratio0.9_61140f
object,img,False,icvf,bc-icvf-weight-rerun_img_cam-agent,6,3,0.01,,0.0,1.0,libero_object_bc_icvf_policy_vilt_task6_0823_0052_seed3_ratio0.9_2e494e
object,img,False,icvf,bc-icvf-weight-rerun_img_cam-agent,6,4,0.01,,0.8999999761581421,0.5,libero_object_bc_icvf_policy_vilt_task6_0822_2101_seed4_ratio0.9_9ce5bd
object,img,False,icvf,bc-icvf-weight-rerun_img_cam-agent,7,0,0.01,,0.8999999761581421,0.6000000238418579,libero_object_bc_icvf_policy_vilt_task7_0823_0109_seed0_ratio0.9_56ed53
object,img,False,icvf,bc-icvf-weight-rerun_img_cam-agent,7,1,0.01,,1.0,0.4000000059604645,libero_object_bc_icvf_policy_vilt_task7_0823_0222_seed1_ratio0.9_3186c8
object,img,False,icvf,bc-icvf-weight-rerun_img_cam-agent,7,2,0.01,,1.0,0.8999999761581421,libero_object_bc_icvf_policy_vilt_task7_0822_2101_seed2_ratio0.9_5449bc
object,img,False,icvf,bc-icvf-weight-rerun_img_cam-agent,7,3,0.01,,0.699999988079071,1.0,libero_object_bc_icvf_policy_vilt_task7_0822_2213_seed3_ratio0.9_213b62
object,img,False,icvf,bc-icvf-weight-rerun_img_cam-agent,7,4,0.01,,0.5,1.0,libero_object_bc_icvf_policy_vilt_task7_0822_2325_seed4_ratio0.9_fd0071
object,img,False,icvf,bc-icvf-weight-rerun_img_cam-agent,8,0,0.01,,0.2000000029802322,0.0,libero_object_bc_icvf_policy_vilt_task8_0822_2101_seed0_ratio0.9_7c6e6f
object,img,False,icvf,bc-icvf-weight-rerun_img_cam-agent,8,1,0.01,,1.0,1.0,libero_object_bc_icvf_policy_vilt_task8_0822_2219_seed1_ratio0.9_f22a39
object,img,False,icvf,bc-icvf-weight-rerun_img_cam-agent,8,2,0.01,,0.3000000119209289,1.0,libero_object_bc_icvf_policy_vilt_task8_0822_2337_seed2_ratio0.9_5447e9
object,img,False,icvf,bc-icvf-weight-rerun_img_cam-agent,8,3,0.01,,0.3000000119209289,1.0,libero_object_bc_icvf_policy_vilt_task8_0823_0055_seed3_ratio0.9_c32b2a
object,img,False,icvf,bc-icvf-weight-rerun_img_cam-agent,8,4,0.01,,0.6000000238418579,1.0,libero_object_bc_icvf_policy_vilt_task8_0822_2101_seed4_ratio0.9_a98b80
goal,img,True,icvf,bc-icvf-weight-rerun_img_cam-agent_distract,0,0,0.01,,0.6000000238418579,0.6000000238418579,libero_goal_bc_icvf_policy_vilt_task0_0822_1119_seed0_ratio0.9_40b72e
goal,img,True,icvf,bc-icvf-weight-rerun_img_cam-agent_distract,0,1,0.01,,0.5,0.5,libero_goal_bc_icvf_policy_vilt_task0_0822_1321_seed1_ratio0.9_ee1654
goal,img,True,icvf,bc-icvf-weight-rerun_img_cam-agent_distract,0,2,0.01,,0.6000000238418579,0.6000000238418579,libero_goal_bc_icvf_policy_vilt_task0_0822_1523_seed2_ratio0.9_5b756e
goal,img,True,icvf,bc-icvf-weight-rerun_img_cam-agent_distract,0,3,0.01,,0.8999999761581421,0.8999999761581421,libero_goal_bc_icvf_policy_vilt_task0_0822_1002_seed3_ratio0.9_a64b7a
goal,img,True,icvf,bc-icvf-weight-rerun_img_cam-agent_distract,0,4,0.01,,0.800000011920929,0.800000011920929,libero_goal_bc_icvf_policy_vilt_task0_0822_1200_seed4_ratio0.9_c630f7
goal,img,True,icvf,bc-icvf-weight-rerun_img_cam-agent_distract,1,0,0.01,,0.4000000059604645,0.4000000059604645,libero_goal_bc_icvf_policy_vilt_task1_0822_1238_seed0_ratio0.9_078e0a
goal,img,True,icvf,bc-icvf-weight-rerun_img_cam-agent_distract,1,1,0.01,,1.0,1.0,libero_goal_bc_icvf_policy_vilt_task1_0822_1003_seed1_ratio0.9_64e1b1
goal,img,True,icvf,bc-icvf-weight-rerun_img_cam-agent_distract,1,2,0.01,,1.0,1.0,libero_goal_bc_icvf_policy_vilt_task1_0822_1129_seed2_ratio0.9_34d8e9
goal,img,True,icvf,bc-icvf-weight-rerun_img_cam-agent_distract,1,3,0.01,,0.8999999761581421,0.8999999761581421,libero_goal_bc_icvf_policy_vilt_task1_0822_1258_seed3_ratio0.9_82c93f
goal,img,True,icvf,bc-icvf-weight-rerun_img_cam-agent_distract,2,0,0.01,,0.3000000119209289,0.3000000119209289,libero_goal_bc_icvf_policy_vilt_task2_0822_1057_seed0_ratio0.9_e88483
goal,img,True,icvf,bc-icvf-weight-rerun_img_cam-agent_distract,2,1,0.01,,0.4000000059604645,0.4000000059604645,libero_goal_bc_icvf_policy_vilt_task2_0822_1230_seed1_ratio0.9_38f80d
goal,img,True,icvf,bc-icvf-weight-rerun_img_cam-agent_distract,2,2,0.01,,0.4000000059604645,0.4000000059604645,libero_goal_bc_icvf_policy_vilt_task2_0822_1403_seed2_ratio0.9_6ffae7
goal,img,True,icvf,bc-icvf-weight-rerun_img_cam-agent_distract,2,3,0.01,,0.4000000059604645,0.4000000059604645,libero_goal_bc_icvf_policy_vilt_task2_0822_1002_seed3_ratio0.9_92fac4
goal,img,True,icvf,bc-icvf-weight-rerun_img_cam-agent_distract,2,4,0.01,,0.0,0.0,libero_goal_bc_icvf_policy_vilt_task2_0822_1134_seed4_ratio0.9_357a28
goal,img,True,icvf,bc-icvf-weight-rerun_img_cam-agent_distract,3,0,0.01,,0.4000000059604645,0.4000000059604645,libero_goal_bc_icvf_policy_vilt_task3_0822_1626_seed0_ratio0.9_1f7294
goal,img,True,icvf,bc-icvf-weight-rerun_img_cam-agent_distract,3,1,0.01,,0.6000000238418579,0.6000000238418579,libero_goal_bc_icvf_policy_vilt_task3_0822_1003_seed1_ratio0.9_bb49a7
goal,img,True,icvf,bc-icvf-weight-rerun_img_cam-agent_distract,3,2,0.01,,0.4000000059604645,0.4000000059604645,libero_goal_bc_icvf_policy_vilt_task3_0822_1314_seed2_ratio0.9_17ba8c
goal,img,True,icvf,bc-icvf-weight-rerun_img_cam-agent_distract,3,3,0.01,,0.3000000119209289,0.3000000119209289,libero_goal_bc_icvf_policy_vilt_task3_0822_1625_seed3_ratio0.9_c9276e
goal,img,True,icvf,bc-icvf-weight-rerun_img_cam-agent_distract,3,4,0.01,,0.4000000059604645,0.4000000059604645,libero_goal_bc_icvf_policy_vilt_task3_0822_1935_seed4_ratio0.9_68b6b5
goal,img,True,icvf,bc-icvf-weight-rerun_img_cam-agent_distract,4,0,0.01,,0.800000011920929,0.800000011920929,libero_goal_bc_icvf_policy_vilt_task4_0822_1108_seed0_ratio0.9_3f970f
goal,img,True,icvf,bc-icvf-weight-rerun_img_cam-agent_distract,4,1,0.01,,0.6000000238418579,0.6000000238418579,libero_goal_bc_icvf_policy_vilt_task4_0822_1239_seed1_ratio0.9_c5cf6f
goal,img,True,icvf,bc-icvf-weight-rerun_img_cam-agent_distract,4,2,0.01,,0.8999999761581421,0.8999999761581421,libero_goal_bc_icvf_policy_vilt_task4_0822_1408_seed2_ratio0.9_74ae60
goal,img,True,icvf,bc-icvf-weight-rerun_img_cam-agent_distract,4,3,0.01,,0.3000000119209289,0.3000000119209289,libero_goal_bc_icvf_policy_vilt_task4_0822_2101_seed3_ratio0.9_a981ce
goal,img,True,icvf,bc-icvf-weight-rerun_img_cam-agent_distract,4,4,0.01,,0.800000011920929,0.800000011920929,libero_goal_bc_icvf_policy_vilt_task4_0822_2229_seed4_ratio0.9_3721b2
goal,img,True,icvf,bc-icvf-weight-rerun_img_cam-agent_distract,5,0,0.01,,0.2000000029802322,0.2000000029802322,libero_goal_bc_icvf_policy_vilt_task5_0823_0057_seed0_ratio0.9_e9d7c0
goal,img,True,icvf,bc-icvf-weight-rerun_img_cam-agent_distract,5,1,0.01,,0.699999988079071,0.699999988079071,libero_goal_bc_icvf_policy_vilt_task5_0822_2101_seed1_ratio0.9_cb8daa
goal,img,True,icvf,bc-icvf-weight-rerun_img_cam-agent_distract,5,2,0.01,,0.6000000238418579,0.6000000238418579,libero_goal_bc_icvf_policy_vilt_task5_0822_2308_seed2_ratio0.9_5b36a9
goal,img,True,icvf,bc-icvf-weight-rerun_img_cam-agent_distract,5,3,0.01,,0.6000000238418579,0.6000000238418579,libero_goal_bc_icvf_policy_vilt_task5_0823_0115_seed3_ratio0.9_25f500
goal,img,True,icvf,bc-icvf-weight-rerun_img_cam-agent_distract,5,4,0.01,,0.800000011920929,0.800000011920929,libero_goal_bc_icvf_policy_vilt_task5_0823_0322_seed4_ratio0.9_5d327e
goal,img,True,icvf,bc-icvf-weight-rerun_img_cam-agent_distract,6,0,0.01,,0.699999988079071,0.699999988079071,libero_goal_bc_icvf_policy_vilt_task6_0822_2202_seed0_ratio0.9_49050d
goal,img,True,icvf,bc-icvf-weight-rerun_img_cam-agent_distract,6,1,0.01,,0.8999999761581421,0.8999999761581421,libero_goal_bc_icvf_policy_vilt_task6_0822_2340_seed1_ratio0.9_022245
goal,img,True,icvf,bc-icvf-weight-rerun_img_cam-agent_distract,6,2,0.01,,0.800000011920929,0.800000011920929,libero_goal_bc_icvf_policy_vilt_task6_0823_0115_seed2_ratio0.9_261e90
goal,img,True,icvf,bc-icvf-weight-rerun_img_cam-agent_distract,6,3,0.01,,0.800000011920929,0.800000011920929,libero_goal_bc_icvf_policy_vilt_task6_0822_2101_seed3_ratio0.9_958d97
goal,img,True,icvf,bc-icvf-weight-rerun_img_cam-agent_distract,6,4,0.01,,0.800000011920929,0.800000011920929,libero_goal_bc_icvf_policy_vilt_task6_0822_2233_seed4_ratio0.9_435057
goal,img,True,icvf,bc-icvf-weight-rerun_img_cam-agent_distract,7,0,0.01,,1.0,1.0,libero_goal_bc_icvf_policy_vilt_task7_0822_2318_seed0_ratio0.9_12cd38
goal,img,True,icvf,bc-icvf-weight-rerun_img_cam-agent_distract,7,1,0.01,,1.0,1.0,libero_goal_bc_icvf_policy_vilt_task7_0822_2101_seed1_ratio0.9_728418
goal,img,True,icvf,bc-icvf-weight-rerun_img_cam-agent_distract,7,2,0.01,,0.8999999761581421,0.8999999761581421,libero_goal_bc_icvf_policy_vilt_task7_0822_2218_seed2_ratio0.9_93c7b4
goal,img,True,icvf,bc-icvf-weight-rerun_img_cam-agent_distract,7,3,0.01,,1.0,1.0,libero_goal_bc_icvf_policy_vilt_task7_0822_2336_seed3_ratio0.9_31c6eb
goal,img,True,icvf,bc-icvf-weight-rerun_img_cam-agent_distract,7,4,0.01,,1.0,1.0,libero_goal_bc_icvf_policy_vilt_task7_0823_0052_seed4_ratio0.9_5b9a46
goal,img,True,icvf,bc-icvf-weight-rerun_img_cam-agent_distract,8,0,0.01,,1.0,1.0,libero_goal_bc_icvf_policy_vilt_task8_0822_2154_seed0_ratio0.9_e2c7e9
goal,img,True,icvf,bc-icvf-weight-rerun_img_cam-agent_distract,8,1,0.01,,0.5,0.5,libero_goal_bc_icvf_policy_vilt_task8_0822_2315_seed1_ratio0.9_0b1bc7
goal,img,True,icvf,bc-icvf-weight-rerun_img_cam-agent_distract,8,2,0.01,,0.4000000059604645,0.4000000059604645,libero_goal_bc_icvf_policy_vilt_task8_0823_0038_seed2_ratio0.9_6bbb84
goal,img,True,icvf,bc-icvf-weight-rerun_img_cam-agent_distract,8,3,0.01,,0.800000011920929,0.800000011920929,libero_goal_bc_icvf_policy_vilt_task8_0822_2101_seed3_ratio0.9_d5d187
goal,img,True,icvf,bc-icvf-weight-rerun_img_cam-agent_distract,8,4,0.01,,0.6000000238418579,0.6000000238418579,libero_goal_bc_icvf_policy_vilt_task8_0822_2224_seed4_ratio0.9_135bd0
object,img,True,icvf,bc-icvf-weight-rerun_img_cam-agent_distract,1,1,0.01,,1.0,1.0,libero_object_bc_icvf_policy_vilt_task1_0822_2101_seed1_ratio0.9_02e4ff
object,img,True,icvf,bc-icvf-weight-rerun_img_cam-agent_distract,1,2,0.01,,0.6000000238418579,0.6000000238418579,libero_object_bc_icvf_policy_vilt_task1_0822_2256_seed2_ratio0.9_63061c
object,img,True,icvf,bc-icvf-weight-rerun_img_cam-agent_distract,1,3,0.01,,0.4000000059604645,0.4000000059604645,libero_object_bc_icvf_policy_vilt_task1_0823_0052_seed3_ratio0.9_ba08fd
object,img,True,icvf,bc-icvf-weight-rerun_img_cam-agent_distract,1,4,0.01,,0.6000000238418579,0.6000000238418579,libero_object_bc_icvf_policy_vilt_task1_0823_0248_seed4_ratio0.9_797fd0
object,img,True,icvf,bc-icvf-weight-rerun_img_cam-agent_distract,2,0,0.01,,0.6000000238418579,0.6000000238418579,libero_object_bc_icvf_policy_vilt_task2_0822_2207_seed0_ratio0.9_f40b65
object,img,True,icvf,bc-icvf-weight-rerun_img_cam-agent_distract,2,1,0.01,,0.2000000029802322,0.2000000029802322,libero_object_bc_icvf_policy_vilt_task2_0822_2356_seed1_ratio0.9_838228
object,img,True,icvf,bc-icvf-weight-rerun_img_cam-agent_distract,2,2,0.01,,0.2000000029802322,0.2000000029802322,libero_object_bc_icvf_policy_vilt_task2_0823_0145_seed2_ratio0.9_ad1d6a
object,img,True,icvf,bc-icvf-weight-rerun_img_cam-agent_distract,2,3,0.01,,0.699999988079071,0.699999988079071,libero_object_bc_icvf_policy_vilt_task2_0822_2101_seed3_ratio0.9_442427
object,img,True,icvf,bc-icvf-weight-rerun_img_cam-agent_distract,2,4,0.01,,0.0,0.0,libero_object_bc_icvf_policy_vilt_task2_0822_2253_seed4_ratio0.9_531f4d
object,img,True,icvf,bc-icvf-weight-rerun_img_cam-agent_distract,3,0,0.01,,0.800000011920929,0.800000011920929,libero_object_bc_icvf_policy_vilt_task3_0823_0039_seed0_ratio0.9_a88ded
object,img,True,icvf,bc-icvf-weight-rerun_img_cam-agent_distract,3,1,0.01,,0.4000000059604645,0.4000000059604645,libero_object_bc_icvf_policy_vilt_task3_0822_2101_seed1_ratio0.9_622188
object,img,True,icvf,bc-icvf-weight-rerun_img_cam-agent_distract,3,2,0.01,,0.8999999761581421,0.8999999761581421,libero_object_bc_icvf_policy_vilt_task3_0822_2300_seed2_ratio0.9_da15f8
object,img,True,icvf,bc-icvf-weight-rerun_img_cam-agent_distract,3,3,0.01,,0.6000000238418579,0.6000000238418579,libero_object_bc_icvf_policy_vilt_task3_0823_0100_seed3_ratio0.9_a5cb12
object,img,True,icvf,bc-icvf-weight-rerun_img_cam-agent_distract,3,4,0.01,,0.0,0.0,libero_object_bc_icvf_policy_vilt_task3_0823_0259_seed4_ratio0.9_055fb0
object,img,True,icvf,bc-icvf-weight-rerun_img_cam-agent_distract,4,0,0.01,,0.6000000238418579,0.6000000238418579,libero_object_bc_icvf_policy_vilt_task4_0822_2220_seed0_ratio0.9_143008
object,img,True,icvf,bc-icvf-weight-rerun_img_cam-agent_distract,4,1,0.01,,0.4000000059604645,0.4000000059604645,libero_object_bc_icvf_policy_vilt_task4_0823_0026_seed1_ratio0.9_9aee8d
object,img,True,icvf,bc-icvf-weight-rerun_img_cam-agent_distract,4,2,0.01,,0.0,0.0,libero_object_bc_icvf_policy_vilt_task4_0823_0233_seed2_ratio0.9_d26291
object,img,True,icvf,bc-icvf-weight-rerun_img_cam-agent_distract,4,3,0.01,,0.6000000238418579,0.6000000238418579,libero_object_bc_icvf_policy_vilt_task4_0822_2101_seed3_ratio0.9_6e6858
object,img,True,icvf,bc-icvf-weight-rerun_img_cam-agent_distract,4,4,0.01,,0.3000000119209289,0.3000000119209289,libero_object_bc_icvf_policy_vilt_task4_0822_2309_seed4_ratio0.9_65ad32
object,img,True,icvf,bc-icvf-weight-rerun_img_cam-agent_distract,5,0,0.01,,0.800000011920929,0.800000011920929,libero_object_bc_icvf_policy_vilt_task5_0823_0049_seed0_ratio0.9_5c888a
object,img,True,icvf,bc-icvf-weight-rerun_img_cam-agent_distract,5,1,0.01,,0.2000000029802322,0.2000000029802322,libero_object_bc_icvf_policy_vilt_task5_0822_2101_seed1_ratio0.9_d57e7f
object,img,True,icvf,bc-icvf-weight-rerun_img_cam-agent_distract,5,2,0.01,,0.8999999761581421,0.8999999761581421,libero_object_bc_icvf_policy_vilt_task5_0822_2301_seed2_ratio0.9_823e4a
object,img,True,icvf,bc-icvf-weight-rerun_img_cam-agent_distract,5,3,0.01,,1.0,1.0,libero_object_bc_icvf_policy_vilt_task5_0823_0101_seed3_ratio0.9_6fd46b
object,img,True,icvf,bc-icvf-weight-rerun_img_cam-agent_distract,5,4,0.01,,0.6000000238418579,0.6000000238418579,libero_object_bc_icvf_policy_vilt_task5_0823_0300_seed4_ratio0.9_7a50dc
object,img,True,icvf,bc-icvf-weight-rerun_img_cam-agent_distract,6,0,0.01,,0.800000011920929,0.800000011920929,libero_object_bc_icvf_policy_vilt_task6_0822_2218_seed0_ratio0.9_552cd5
object,img,True,icvf,bc-icvf-weight-rerun_img_cam-agent_distract,6,1,0.01,,0.5,0.5,libero_object_bc_icvf_policy_vilt_task6_0823_0023_seed1_ratio0.9_4f23f5
object,img,True,icvf,bc-icvf-weight-rerun_img_cam-agent_distract,6,2,0.01,,0.8999999761581421,0.8999999761581421,libero_object_bc_icvf_policy_vilt_task6_0823_0227_seed2_ratio0.9_24ade5
object,img,True,icvf,bc-icvf-weight-rerun_img_cam-agent_distract,6,3,0.01,,0.1000000014901161,0.1000000014901161,libero_object_bc_icvf_policy_vilt_task6_0822_2101_seed3_ratio0.9_ec936f
object,img,True,icvf,bc-icvf-weight-rerun_img_cam-agent_distract,6,4,0.01,,1.0,1.0,libero_object_bc_icvf_policy_vilt_task6_0822_2306_seed4_ratio0.9_89c848
object,img,True,icvf,bc-icvf-weight-rerun_img_cam-agent_distract,7,0,0.01,,0.8999999761581421,0.8999999761581421,libero_object_bc_icvf_policy_vilt_task7_0823_0038_seed0_ratio0.9_557bc9
object,img,True,icvf,bc-icvf-weight-rerun_img_cam-agent_distract,7,1,0.01,,0.8999999761581421,0.8999999761581421,libero_object_bc_icvf_policy_vilt_task7_0822_2101_seed1_ratio0.9_8e1df3
object,img,True,icvf,bc-icvf-weight-rerun_img_cam-agent_distract,7,2,0.01,,0.3000000119209289,0.3000000119209289,libero_object_bc_icvf_policy_vilt_task7_0822_2302_seed2_ratio0.9_a74818
object,img,True,icvf,bc-icvf-weight-rerun_img_cam-agent_distract,7,3,0.01,,0.2000000029802322,0.2000000029802322,libero_object_bc_icvf_policy_vilt_task7_0823_0102_seed3_ratio0.9_4cffd3
object,img,True,icvf,bc-icvf-weight-rerun_img_cam-agent_distract,7,4,0.01,,0.5,0.5,libero_object_bc_icvf_policy_vilt_task7_0823_0303_seed4_ratio0.9_8e6079
object,img,True,icvf,bc-icvf-weight-rerun_img_cam-agent_distract,8,0,0.01,,0.1000000014901161,0.1000000014901161,libero_object_bc_icvf_policy_vilt_task8_0822_2220_seed0_ratio0.9_220908
object,img,True,icvf,bc-icvf-weight-rerun_img_cam-agent_distract,8,1,0.01,,0.699999988079071,0.699999988079071,libero_object_bc_icvf_policy_vilt_task8_0823_0028_seed1_ratio0.9_ca858a
object,img,True,icvf,bc-icvf-weight-rerun_img_cam-agent_distract,8,2,0.01,,1.0,1.0,libero_object_bc_icvf_policy_vilt_task8_0823_0235_seed2_ratio0.9_88844d
goal,img,False,vae,bc-vae-baseline_img_cam-agent,0,0,1.0,,1.0,0.8999999761581421,libero_goal_bc_vae_policy_vilt_task0_0721_2314_seed0_ratio0.9_dd5b72
goal,img,False,vae,bc-vae-baseline_img_cam-agent,0,1,1.0,,0.800000011920929,1.0,libero_goal_bc_vae_policy_vilt_task0_0722_0024_seed1_ratio0.9_dfd30c
goal,img,False,vae,bc-vae-baseline_img_cam-agent,0,2,1.0,,0.2000000029802322,1.0,libero_goal_bc_vae_policy_vilt_task0_0722_0135_seed2_ratio0.9_297079
goal,img,False,vae,bc-vae-baseline_img_cam-agent,0,3,1.0,,0.0,0.6000000238418579,libero_goal_bc_vae_policy_vilt_task0_0722_0243_seed3_ratio0.9_a560f2
goal,img,False,vae,bc-vae-baseline_img_cam-agent,0,4,1.0,,0.800000011920929,0.699999988079071,libero_goal_bc_vae_policy_vilt_task0_0722_0354_seed4_ratio0.9_9c531f
goal,img,False,vae,bc-vae-baseline_img_cam-agent,1,0,1.0,,0.0,0.3000000119209289,libero_goal_bc_vae_policy_vilt_task1_0721_2315_seed0_ratio0.9_079b0e
goal,img,False,vae,bc-vae-baseline_img_cam-agent,1,1,1.0,,1.0,0.8999999761581421,libero_goal_bc_vae_policy_vilt_task1_0722_0000_seed1_ratio0.9_5c09a5
goal,img,False,vae,bc-vae-baseline_img_cam-agent,1,2,1.0,,0.3000000119209289,0.0,libero_goal_bc_vae_policy_vilt_task1_0722_0046_seed2_ratio0.9_d3f1e6
goal,img,False,vae,bc-vae-baseline_img_cam-agent,1,3,1.0,,1.0,1.0,libero_goal_bc_vae_policy_vilt_task1_0722_0132_seed3_ratio0.9_df731b
goal,img,False,vae,bc-vae-baseline_img_cam-agent,1,4,1.0,,0.4000000059604645,0.0,libero_goal_bc_vae_policy_vilt_task1_0722_0216_seed4_ratio0.9_461e62
goal,img,False,vae,bc-vae-baseline_img_cam-agent,2,0,1.0,,0.8999999761581421,0.3000000119209289,libero_goal_bc_vae_policy_vilt_task2_0721_2315_seed0_ratio0.9_81398e
goal,img,False,vae,bc-vae-baseline_img_cam-agent,2,1,1.0,,1.0,0.699999988079071,libero_goal_bc_vae_policy_vilt_task2_0722_0001_seed1_ratio0.9_965802
goal,img,False,vae,bc-vae-baseline_img_cam-agent,2,2,1.0,,0.0,0.0,libero_goal_bc_vae_policy_vilt_task2_0722_0045_seed2_ratio0.9_be09a8
goal,img,False,vae,bc-vae-baseline_img_cam-agent,2,3,1.0,,0.800000011920929,0.699999988079071,libero_goal_bc_vae_policy_vilt_task2_0722_0130_seed3_ratio0.9_4ab55e
goal,img,False,vae,bc-vae-baseline_img_cam-agent,2,4,1.0,,0.5,0.4000000059604645,libero_goal_bc_vae_policy_vilt_task2_0722_0215_seed4_ratio0.9_0b008b
goal,img,False,vae,bc-vae-baseline_img_cam-agent,3,0,1.0,,0.1000000014901161,0.0,libero_goal_bc_vae_policy_vilt_task3_0721_2315_seed0_ratio0.9_568878
goal,img,False,vae,bc-vae-baseline_img_cam-agent,3,1,1.0,,0.0,0.0,libero_goal_bc_vae_policy_vilt_task3_0722_0036_seed1_ratio0.9_8287c6
goal,img,False,vae,bc-vae-baseline_img_cam-agent,3,2,1.0,,0.699999988079071,0.0,libero_goal_bc_vae_policy_vilt_task3_0722_0156_seed2_ratio0.9_266e40
goal,img,False,vae,bc-vae-baseline_img_cam-agent,3,3,1.0,,0.0,0.0,libero_goal_bc_vae_policy_vilt_task3_0722_0317_seed3_ratio0.9_df35a9
goal,img,False,vae,bc-vae-baseline_img_cam-agent,3,4,1.0,,0.0,0.0,libero_goal_bc_vae_policy_vilt_task3_0722_0439_seed4_ratio0.9_fe84d5
goal,img,False,vae,bc-vae-baseline_img_cam-agent,4,0,1.0,,0.2000000029802322,0.1000000014901161,libero_goal_bc_vae_policy_vilt_task4_0721_2319_seed0_ratio0.9_22ad0f
goal,img,False,vae,bc-vae-baseline_img_cam-agent,4,1,1.0,,0.4000000059604645,0.8999999761581421,libero_goal_bc_vae_policy_vilt_task4_0722_0005_seed1_ratio0.9_ab57bc
goal,img,False,vae,bc-vae-baseline_img_cam-agent,4,2,1.0,,0.699999988079071,0.2000000029802322,libero_goal_bc_vae_policy_vilt_task4_0722_0052_seed2_ratio0.9_375db4
goal,img,False,vae,bc-vae-baseline_img_cam-agent,4,3,1.0,,0.0,0.4000000059604645,libero_goal_bc_vae_policy_vilt_task4_0722_0138_seed3_ratio0.9_62663b
goal,img,False,vae,bc-vae-baseline_img_cam-agent,4,4,1.0,,0.3000000119209289,0.5,libero_goal_bc_vae_policy_vilt_task4_0722_0224_seed4_ratio0.9_27809c
goal,img,False,vae,bc-vae-baseline_img_cam-agent,5,0,1.0,,1.0,0.6000000238418579,libero_goal_bc_vae_policy_vilt_task5_0722_0310_seed0_ratio0.9_44cf73
goal,img,False,vae,bc-vae-baseline_img_cam-agent,5,1,1.0,,0.4000000059604645,0.5,libero_goal_bc_vae_policy_vilt_task5_0722_0412_seed1_ratio0.9_ccec72
goal,img,False,vae,bc-vae-baseline_img_cam-agent,5,2,1.0,,0.6000000238418579,0.3000000119209289,libero_goal_bc_vae_policy_vilt_task5_0722_0514_seed2_ratio0.9_06ac9a
goal,img,False,vae,bc-vae-baseline_img_cam-agent,5,3,1.0,,0.3000000119209289,0.0,libero_goal_bc_vae_policy_vilt_task5_0722_0617_seed3_ratio0.9_4322ab
goal,img,False,vae,bc-vae-baseline_img_cam-agent,5,4,1.0,,0.4000000059604645,0.5,libero_goal_bc_vae_policy_vilt_task5_0722_0719_seed4_ratio0.9_ad9183
goal,img,False,vae,bc-vae-baseline_img_cam-agent,6,0,1.0,,0.6000000238418579,0.3000000119209289,libero_goal_bc_vae_policy_vilt_task6_0722_0351_seed0_ratio0.9_8004e7
goal,img,False,vae,bc-vae-baseline_img_cam-agent,6,1,1.0,,0.5,0.3000000119209289,libero_goal_bc_vae_policy_vilt_task6_0722_0450_seed1_ratio0.9_b706e1
goal,img,False,vae,bc-vae-baseline_img_cam-agent,6,2,1.0,,0.4000000059604645,0.800000011920929,libero_goal_bc_vae_policy_vilt_task6_0722_0550_seed2_ratio0.9_74196b
goal,img,False,vae,bc-vae-baseline_img_cam-agent,6,3,1.0,,1.0,0.5,libero_goal_bc_vae_policy_vilt_task6_0722_0649_seed3_ratio0.9_893383
goal,img,False,vae,bc-vae-baseline_img_cam-agent,6,4,1.0,,0.2000000029802322,0.800000011920929,libero_goal_bc_vae_policy_vilt_task6_0722_0746_seed4_ratio0.9_6cd29a
goal,img,False,vae,bc-vae-baseline_img_cam-agent,7,0,1.0,,1.0,1.0,libero_goal_bc_vae_policy_vilt_task7_0722_0504_seed0_ratio0.9_60d3ce
goal,img,False,vae,bc-vae-baseline_img_cam-agent,7,1,1.0,,1.0,1.0,libero_goal_bc_vae_policy_vilt_task7_0722_0551_seed1_ratio0.9_f0ba64
goal,img,False,vae,bc-vae-baseline_img_cam-agent,7,2,1.0,,0.8999999761581421,1.0,libero_goal_bc_vae_policy_vilt_task7_0722_0639_seed2_ratio0.9_54a710
goal,img,False,vae,bc-vae-baseline_img_cam-agent,7,3,1.0,,1.0,1.0,libero_goal_bc_vae_policy_vilt_task7_0722_0725_seed3_ratio0.9_d6b009
goal,img,False,vae,bc-vae-baseline_img_cam-agent,7,4,1.0,,0.8999999761581421,1.0,libero_goal_bc_vae_policy_vilt_task7_0722_0808_seed4_ratio0.9_eb7500
goal,img,False,vae,bc-vae-baseline_img_cam-agent,8,0,1.0,,0.6000000238418579,1.0,libero_goal_bc_vae_policy_vilt_task8_0722_0530_seed0_ratio0.9_78f11f
goal,img,False,vae,bc-vae-baseline_img_cam-agent,8,1,1.0,,0.699999988079071,0.6000000238418579,libero_goal_bc_vae_policy_vilt_task8_0722_0613_seed1_ratio0.9_9ffc9d
goal,img,False,vae,bc-vae-baseline_img_cam-agent,8,2,1.0,,0.4000000059604645,0.0,libero_goal_bc_vae_policy_vilt_task8_0722_0658_seed2_ratio0.9_9d16a5
goal,img,False,vae,bc-vae-baseline_img_cam-agent,8,3,1.0,,0.6000000238418579,0.5,libero_goal_bc_vae_policy_vilt_task8_0722_0742_seed3_ratio0.9_79f1b6
goal,img,False,vae,bc-vae-baseline_img_cam-agent,8,4,1.0,,0.5,0.6000000238418579,libero_goal_bc_vae_policy_vilt_task8_0722_0827_seed4_ratio0.9_9966b0
goal,img,False,vae,bc-vae-baseline_img_cam-agent,9,0,1.0,,0.800000011920929,0.2000000029802322,libero_goal_bc_vae_policy_vilt_task9_0722_0549_seed0_ratio0.9_a2678a
goal,img,False,vae,bc-vae-baseline_img_cam-agent,9,1,1.0,,0.0,0.0,libero_goal_bc_vae_policy_vilt_task9_0722_0714_seed1_ratio0.9_56900f
goal,img,False,vae,bc-vae-baseline_img_cam-agent,9,2,1.0,,0.0,0.3000000119209289,libero_goal_bc_vae_policy_vilt_task9_0722_0838_seed2_ratio0.9_d7a060
goal,img,False,vae,bc-vae-baseline_img_cam-agent,9,3,1.0,,0.0,0.2000000029802322,libero_goal_bc_vae_policy_vilt_task9_0722_1002_seed3_ratio0.9_c93a51
goal,img,False,vae,bc-vae-baseline_img_cam-agent,9,4,1.0,,0.5,0.3000000119209289,libero_goal_bc_vae_policy_vilt_task9_0722_1127_seed4_ratio0.9_67627d
object,img,False,vae,bc-vae-baseline_img_cam-agent,0,0,1.0,,0.2000000029802322,0.4000000059604645,libero_object_bc_vae_policy_vilt_task0_0721_1315_seed0_ratio0.9_b8aeb5
object,img,False,vae,bc-vae-baseline_img_cam-agent,0,1,1.0,,0.699999988079071,0.6000000238418579,libero_object_bc_vae_policy_vilt_task0_0721_1418_seed1_ratio0.9_c1c146
object,img,False,vae,bc-vae-baseline_img_cam-agent,0,2,1.0,,0.3000000119209289,1.0,libero_object_bc_vae_policy_vilt_task0_0721_1521_seed2_ratio0.9_23d047
object,img,False,vae,bc-vae-baseline_img_cam-agent,0,3,1.0,,0.5,0.8999999761581421,libero_object_bc_vae_policy_vilt_task0_0721_1623_seed3_ratio0.9_b218e0
object,img,False,vae,bc-vae-baseline_img_cam-agent,0,4,1.0,,0.800000011920929,0.4000000059604645,libero_object_bc_vae_policy_vilt_task0_0721_1724_seed4_ratio0.9_9c37bd
object,img,False,vae,bc-vae-baseline_img_cam-agent,1,0,1.0,,0.800000011920929,0.800000011920929,libero_object_bc_vae_policy_vilt_task1_0721_1315_seed0_ratio0.9_d5783e
object,img,False,vae,bc-vae-baseline_img_cam-agent,1,1,1.0,,0.8999999761581421,0.8999999761581421,libero_object_bc_vae_policy_vilt_task1_0721_1412_seed1_ratio0.9_980577
object,img,False,vae,bc-vae-baseline_img_cam-agent,1,2,1.0,,0.4000000059604645,0.0,libero_object_bc_vae_policy_vilt_task1_0721_1509_seed2_ratio0.9_ea05d4
object,img,False,vae,bc-vae-baseline_img_cam-agent,1,3,1.0,,0.0,0.0,libero_object_bc_vae_policy_vilt_task1_0721_1607_seed3_ratio0.9_9e9ccc
object,img,False,vae,bc-vae-baseline_img_cam-agent,1,4,1.0,,0.4000000059604645,0.2000000029802322,libero_object_bc_vae_policy_vilt_task1_0721_1704_seed4_ratio0.9_95e494
object,img,False,vae,bc-vae-baseline_img_cam-agent,2,0,1.0,,0.6000000238418579,0.2000000029802322,libero_object_bc_vae_policy_vilt_task2_0721_1328_seed0_ratio0.9_2fbdd2
object,img,False,vae,bc-vae-baseline_img_cam-agent,2,1,1.0,,0.5,0.8999999761581421,libero_object_bc_vae_policy_vilt_task2_0721_1424_seed1_ratio0.9_0bcf74
object,img,False,vae,bc-vae-baseline_img_cam-agent,2,2,1.0,,0.0,0.8999999761581421,libero_object_bc_vae_policy_vilt_task2_0721_1518_seed2_ratio0.9_fc2b23
object,img,False,vae,bc-vae-baseline_img_cam-agent,2,3,1.0,,0.4000000059604645,0.800000011920929,libero_object_bc_vae_policy_vilt_task2_0721_1613_seed3_ratio0.9_12cdcc
object,img,False,vae,bc-vae-baseline_img_cam-agent,2,4,1.0,,1.0,0.699999988079071,libero_object_bc_vae_policy_vilt_task2_0721_1708_seed4_ratio0.9_5df87e
object,img,False,vae,bc-vae-baseline_img_cam-agent,3,0,1.0,,0.800000011920929,0.1000000014901161,libero_object_bc_vae_policy_vilt_task3_0721_1424_seed0_ratio0.9_5b05cb
object,img,False,vae,bc-vae-baseline_img_cam-agent,3,1,1.0,,0.3000000119209289,0.1000000014901161,libero_object_bc_vae_policy_vilt_task3_0721_1520_seed1_ratio0.9_11d00c
object,img,False,vae,bc-vae-baseline_img_cam-agent,3,2,1.0,,0.3000000119209289,0.0,libero_object_bc_vae_policy_vilt_task3_0721_1617_seed2_ratio0.9_4c78fd
object,img,False,vae,bc-vae-baseline_img_cam-agent,3,3,1.0,,0.699999988079071,0.0,libero_object_bc_vae_policy_vilt_task3_0721_1713_seed3_ratio0.9_321612
object,img,False,vae,bc-vae-baseline_img_cam-agent,3,4,1.0,,0.5,0.1000000014901161,libero_object_bc_vae_policy_vilt_task3_0721_1809_seed4_ratio0.9_0a83c1
object,img,False,vae,bc-vae-baseline_img_cam-agent,4,0,1.0,,0.800000011920929,0.0,libero_object_bc_vae_policy_vilt_task4_0721_1445_seed0_ratio0.9_bae2e8
object,img,False,vae,bc-vae-baseline_img_cam-agent,4,1,1.0,,0.4000000059604645,1.0,libero_object_bc_vae_policy_vilt_task4_0721_1545_seed1_ratio0.9_cb9ee1
object,img,False,vae,bc-vae-baseline_img_cam-agent,4,2,1.0,,1.0,0.5,libero_object_bc_vae_policy_vilt_task4_0721_1644_seed2_ratio0.9_052f69
object,img,False,vae,bc-vae-baseline_img_cam-agent,4,3,1.0,,0.800000011920929,0.2000000029802322,libero_object_bc_vae_policy_vilt_task4_0721_1745_seed3_ratio0.9_a85833
object,img,False,vae,bc-vae-baseline_img_cam-agent,4,4,1.0,,0.1000000014901161,0.5,libero_object_bc_vae_policy_vilt_task4_0721_1846_seed4_ratio0.9_c7819e
object,img,False,vae,bc-vae-baseline_img_cam-agent,5,0,1.0,,0.5,0.6000000238418579,libero_object_bc_vae_policy_vilt_task5_0721_1604_seed0_ratio0.9_00e71d
object,img,False,vae,bc-vae-baseline_img_cam-agent,5,1,1.0,,0.800000011920929,0.5,libero_object_bc_vae_policy_vilt_task5_0721_1714_seed1_ratio0.9_8007ab
object,img,False,vae,bc-vae-baseline_img_cam-agent,5,2,1.0,,0.6000000238418579,0.0,libero_object_bc_vae_policy_vilt_task5_0721_1825_seed2_ratio0.9_20db6d
object,img,False,vae,bc-vae-baseline_img_cam-agent,5,3,1.0,,0.8999999761581421,0.3000000119209289,libero_object_bc_vae_policy_vilt_task5_0721_1935_seed3_ratio0.9_7a6d5e
object,img,False,vae,bc-vae-baseline_img_cam-agent,5,4,1.0,,0.699999988079071,0.800000011920929,libero_object_bc_vae_policy_vilt_task5_0721_2046_seed4_ratio0.9_0968c2
object,img,False,vae,bc-vae-baseline_img_cam-agent,6,0,1.0,,1.0,0.3000000119209289,libero_object_bc_vae_policy_vilt_task6_0721_1647_seed0_ratio0.9_37e0e5
object,img,False,vae,bc-vae-baseline_img_cam-agent,6,1,1.0,,0.3000000119209289,0.4000000059604645,libero_object_bc_vae_policy_vilt_task6_0721_1750_seed1_ratio0.9_83dafc
object,img,False,vae,bc-vae-baseline_img_cam-agent,6,2,1.0,,0.800000011920929,0.0,libero_object_bc_vae_policy_vilt_task6_0721_1852_seed2_ratio0.9_992373
object,img,False,vae,bc-vae-baseline_img_cam-agent,6,3,1.0,,0.0,1.0,libero_object_bc_vae_policy_vilt_task6_0721_1956_seed3_ratio0.9_de7d89
object,img,False,vae,bc-vae-baseline_img_cam-agent,6,4,1.0,,0.5,0.8999999761581421,libero_object_bc_vae_policy_vilt_task6_0721_2059_seed4_ratio0.9_944f4e
object,img,False,vae,bc-vae-baseline_img_cam-agent,7,0,1.0,,0.0,0.5,libero_object_bc_vae_policy_vilt_task7_0721_1706_seed0_ratio0.9_614000
object,img,False,vae,bc-vae-baseline_img_cam-agent,7,1,1.0,,0.1000000014901161,0.1000000014901161,libero_object_bc_vae_policy_vilt_task7_0721_1802_seed1_ratio0.9_e0a90a
object,img,False,vae,bc-vae-baseline_img_cam-agent,7,2,1.0,,0.8999999761581421,0.0,libero_object_bc_vae_policy_vilt_task7_0721_1858_seed2_ratio0.9_1681b3
object,img,False,vae,bc-vae-baseline_img_cam-agent,7,3,1.0,,0.5,0.4000000059604645,libero_object_bc_vae_policy_vilt_task7_0721_1954_seed3_ratio0.9_b63f6e
object,img,False,vae,bc-vae-baseline_img_cam-agent,7,4,1.0,,0.0,0.6000000238418579,libero_object_bc_vae_policy_vilt_task7_0721_2050_seed4_ratio0.9_e98b65
object,img,False,vae,bc-vae-baseline_img_cam-agent,8,0,1.0,,0.0,0.0,libero_object_bc_vae_policy_vilt_task8_0721_1801_seed0_ratio0.9_12a339
object,img,False,vae,bc-vae-baseline_img_cam-agent,8,1,1.0,,0.800000011920929,1.0,libero_object_bc_vae_policy_vilt_task8_0721_1904_seed1_ratio0.9_cdc48c
object,img,False,vae,bc-vae-baseline_img_cam-agent,8,2,1.0,,0.0,0.0,libero_object_bc_vae_policy_vilt_task8_0721_2007_seed2_ratio0.9_842eda
object,img,False,vae,bc-vae-baseline_img_cam-agent,8,3,1.0,,0.2000000029802322,0.0,libero_object_bc_vae_policy_vilt_task8_0721_2111_seed3_ratio0.9_a46d03
object,img,False,vae,bc-vae-baseline_img_cam-agent,8,4,1.0,,0.0,1.0,libero_object_bc_vae_policy_vilt_task8_0721_2215_seed4_ratio0.9_40247c
object,img,False,vae,bc-vae-baseline_img_cam-agent,9,0,1.0,,0.800000011920929,0.8999999761581421,libero_object_bc_vae_policy_vilt_task9_0721_1838_seed0_ratio0.9_d0ef05
object,img,False,vae,bc-vae-baseline_img_cam-agent,9,1,1.0,,0.3000000119209289,1.0,libero_object_bc_vae_policy_vilt_task9_0721_1935_seed1_ratio0.9_c4d25b
object,img,False,vae,bc-vae-baseline_img_cam-agent,9,2,1.0,,0.699999988079071,0.800000011920929,libero_object_bc_vae_policy_vilt_task9_0721_2031_seed2_ratio0.9_3928d1
object,img,False,vae,bc-vae-baseline_img_cam-agent,9,3,1.0,,0.6000000238418579,0.8999999761581421,libero_object_bc_vae_policy_vilt_task9_0721_2127_seed3_ratio0.9_f4bb65
object,img,False,vae,bc-vae-baseline_img_cam-agent,9,4,1.0,,0.4000000059604645,0.5,libero_object_bc_vae_policy_vilt_task9_0721_2223_seed4_ratio0.9_eb4fd2
spatial,img,False,vae,bc-vae-baseline_img_cam-agent,0,0,1.0,,0.1000000014901161,0.1000000014901161,libero_spatial_bc_vae_policy_vilt_task0_0719_1925_seed0_ratio0.9_59f296
spatial,img,False,vae,bc-vae-baseline_img_cam-agent,0,1,1.0,,0.0,0.800000011920929,libero_spatial_bc_vae_policy_vilt_task0_0719_2014_seed1_ratio0.9_6edd1b
spatial,img,False,vae,bc-vae-baseline_img_cam-agent,0,2,1.0,,0.0,0.2000000029802322,libero_spatial_bc_vae_policy_vilt_task0_0719_2102_seed2_ratio0.9_bec37b
spatial,img,False,vae,bc-vae-baseline_img_cam-agent,0,3,1.0,,1.0,0.2000000029802322,libero_spatial_bc_vae_policy_vilt_task0_0719_2149_seed3_ratio0.9_f4533b
spatial,img,False,vae,bc-vae-baseline_img_cam-agent,0,4,1.0,,0.5,0.6000000238418579,libero_spatial_bc_vae_policy_vilt_task0_0719_2235_seed4_ratio0.9_98ee4e
spatial,img,False,vae,bc-vae-baseline_img_cam-agent,1,0,1.0,,0.5,1.0,libero_spatial_bc_vae_policy_vilt_task1_0719_1925_seed0_ratio0.9_8119d9
spatial,img,False,vae,bc-vae-baseline_img_cam-agent,1,1,1.0,,0.4000000059604645,0.3000000119209289,libero_spatial_bc_vae_policy_vilt_task1_0719_2021_seed1_ratio0.9_2b89f0
spatial,img,False,vae,bc-vae-baseline_img_cam-agent,1,2,1.0,,0.2000000029802322,1.0,libero_spatial_bc_vae_policy_vilt_task1_0719_2117_seed2_ratio0.9_da0d7a
spatial,img,False,vae,bc-vae-baseline_img_cam-agent,1,3,1.0,,0.2000000029802322,0.4000000059604645,libero_spatial_bc_vae_policy_vilt_task1_0719_2212_seed3_ratio0.9_476ffa
spatial,img,False,vae,bc-vae-baseline_img_cam-agent,1,4,1.0,,1.0,0.2000000029802322,libero_spatial_bc_vae_policy_vilt_task1_0719_2309_seed4_ratio0.9_619ae3
spatial,img,False,vae,bc-vae-baseline_img_cam-agent,2,0,1.0,,0.6000000238418579,0.8999999761581421,libero_spatial_bc_vae_policy_vilt_task2_0719_1925_seed0_ratio0.9_90a030
spatial,img,False,vae,bc-vae-baseline_img_cam-agent,2,1,1.0,,0.6000000238418579,1.0,libero_spatial_bc_vae_policy_vilt_task2_0719_2017_seed1_ratio0.9_4e8b40
spatial,img,False,vae,bc-vae-baseline_img_cam-agent,2,2,1.0,,0.6000000238418579,0.2000000029802322,libero_spatial_bc_vae_policy_vilt_task2_0719_2108_seed2_ratio0.9_447946
spatial,img,False,vae,bc-vae-baseline_img_cam-agent,2,3,1.0,,0.3000000119209289,0.8999999761581421,libero_spatial_bc_vae_policy_vilt_task2_0719_2201_seed3_ratio0.9_9f3883
spatial,img,False,vae,bc-vae-baseline_img_cam-agent,2,4,1.0,,0.8999999761581421,0.800000011920929,libero_spatial_bc_vae_policy_vilt_task2_0719_2253_seed4_ratio0.9_d7c8e3
spatial,img,False,vae,bc-vae-baseline_img_cam-agent,3,0,1.0,,0.3000000119209289,0.2000000029802322,libero_spatial_bc_vae_policy_vilt_task3_0719_1925_seed0_ratio0.9_9e9a30
spatial,img,False,vae,bc-vae-baseline_img_cam-agent,3,1,1.0,,0.3000000119209289,0.4000000059604645,libero_spatial_bc_vae_policy_vilt_task3_0719_2025_seed1_ratio0.9_8ff773
spatial,img,False,vae,bc-vae-baseline_img_cam-agent,3,2,1.0,,0.6000000238418579,0.800000011920929,libero_spatial_bc_vae_policy_vilt_task3_0719_2125_seed2_ratio0.9_f928c9
spatial,img,False,vae,bc-vae-baseline_img_cam-agent,3,3,1.0,,0.3000000119209289,0.1000000014901161,libero_spatial_bc_vae_policy_vilt_task3_0719_2225_seed3_ratio0.9_e99967
spatial,img,False,vae,bc-vae-baseline_img_cam-agent,3,4,1.0,,0.4000000059604645,0.699999988079071,libero_spatial_bc_vae_policy_vilt_task3_0719_2324_seed4_ratio0.9_a3502d
spatial,img,False,vae,bc-vae-baseline_img_cam-agent,4,0,1.0,,0.0,0.0,libero_spatial_bc_vae_policy_vilt_task4_0719_1925_seed0_ratio0.9_711306
spatial,img,False,vae,bc-vae-baseline_img_cam-agent,4,1,1.0,,0.2000000029802322,0.0,libero_spatial_bc_vae_policy_vilt_task4_0719_2027_seed1_ratio0.9_945757
spatial,img,False,vae,bc-vae-baseline_img_cam-agent,4,2,1.0,,0.0,0.0,libero_spatial_bc_vae_policy_vilt_task4_0719_2130_seed2_ratio0.9_6ee75c
spatial,img,False,vae,bc-vae-baseline_img_cam-agent,4,3,1.0,,0.0,0.0,libero_spatial_bc_vae_policy_vilt_task4_0719_2232_seed3_ratio0.9_01780a
spatial,img,False,vae,bc-vae-baseline_img_cam-agent,4,4,1.0,,0.0,0.0,libero_spatial_bc_vae_policy_vilt_task4_0719_2333_seed4_ratio0.9_e36447
spatial,img,False,vae,bc-vae-baseline_img_cam-agent,5,0,1.0,,1.0,0.6000000238418579,libero_spatial_bc_vae_policy_vilt_task5_0719_2322_seed0_ratio0.9_d3df43
spatial,img,False,vae,bc-vae-baseline_img_cam-agent,5,1,1.0,,0.3000000119209289,0.1000000014901161,libero_spatial_bc_vae_policy_vilt_task5_0720_0012_seed1_ratio0.9_b6460f
spatial,img,False,vae,bc-vae-baseline_img_cam-agent,5,2,1.0,,0.0,0.0,libero_spatial_bc_vae_policy_vilt_task5_0720_0104_seed2_ratio0.9_6ff969
spatial,img,False,vae,bc-vae-baseline_img_cam-agent,5,3,1.0,,1.0,0.5,libero_spatial_bc_vae_policy_vilt_task5_0720_0155_seed3_ratio0.9_b6857d
spatial,img,False,vae,bc-vae-baseline_img_cam-agent,5,4,1.0,,0.2000000029802322,0.2000000029802322,libero_spatial_bc_vae_policy_vilt_task5_0720_0245_seed4_ratio0.9_1bc9ef
spatial,img,False,vae,bc-vae-baseline_img_cam-agent,6,0,1.0,,0.3000000119209289,0.3000000119209289,libero_spatial_bc_vae_policy_vilt_task6_0720_2359_seed0_ratio0.9_8961c4
spatial,img,False,vae,bc-vae-baseline_img_cam-agent,6,1,1.0,,0.0,0.800000011920929,libero_spatial_bc_vae_policy_vilt_task6_0721_0052_seed1_ratio0.9_a963d4
spatial,img,False,vae,bc-vae-baseline_img_cam-agent,6,2,1.0,,0.699999988079071,0.3000000119209289,libero_spatial_bc_vae_policy_vilt_task6_0721_0144_seed2_ratio0.9_07a5cd
spatial,img,False,vae,bc-vae-baseline_img_cam-agent,6,3,1.0,,0.8999999761581421,0.4000000059604645,libero_spatial_bc_vae_policy_vilt_task6_0721_0236_seed3_ratio0.9_a5d44f
spatial,img,False,vae,bc-vae-baseline_img_cam-agent,6,4,1.0,,0.0,0.4000000059604645,libero_spatial_bc_vae_policy_vilt_task6_0721_0329_seed4_ratio0.9_728509
spatial,img,False,vae,bc-vae-baseline_img_cam-agent,7,0,1.0,,0.3000000119209289,0.3000000119209289,libero_spatial_bc_vae_policy_vilt_task7_0721_0214_seed0_ratio0.9_372e52
spatial,img,False,vae,bc-vae-baseline_img_cam-agent,7,1,1.0,,0.0,0.4000000059604645,libero_spatial_bc_vae_policy_vilt_task7_0721_0314_seed1_ratio0.9_b70b75
spatial,img,False,vae,bc-vae-baseline_img_cam-agent,7,2,1.0,,0.6000000238418579,0.6000000238418579,libero_spatial_bc_vae_policy_vilt_task7_0721_0414_seed2_ratio0.9_32ae03
spatial,img,False,vae,bc-vae-baseline_img_cam-agent,7,3,1.0,,0.5,0.1000000014901161,libero_spatial_bc_vae_policy_vilt_task7_0721_0514_seed3_ratio0.9_f37e7e
spatial,img,False,vae,bc-vae-baseline_img_cam-agent,7,4,1.0,,0.5,0.5,libero_spatial_bc_vae_policy_vilt_task7_0721_0613_seed4_ratio0.9_d14e5b
spatial,img,False,vae,bc-vae-baseline_img_cam-agent,8,0,1.0,,0.0,0.1000000014901161,libero_spatial_bc_vae_policy_vilt_task8_0721_0315_seed0_ratio0.9_a4b0bb
spatial,img,False,vae,bc-vae-baseline_img_cam-agent,8,1,1.0,,0.4000000059604645,0.4000000059604645,libero_spatial_bc_vae_policy_vilt_task8_0721_0406_seed1_ratio0.9_1de198
spatial,img,False,vae,bc-vae-baseline_img_cam-agent,8,2,1.0,,0.5,0.2000000029802322,libero_spatial_bc_vae_policy_vilt_task8_0721_0457_seed2_ratio0.9_313df6
spatial,img,False,vae,bc-vae-baseline_img_cam-agent,8,3,1.0,,0.4000000059604645,0.4000000059604645,libero_spatial_bc_vae_policy_vilt_task8_0721_0548_seed3_ratio0.9_c397b1
spatial,img,False,vae,bc-vae-baseline_img_cam-agent,8,4,1.0,,0.4000000059604645,0.1000000014901161,libero_spatial_bc_vae_policy_vilt_task8_0721_0640_seed4_ratio0.9_36c739
spatial,img,False,vae,bc-vae-baseline_img_cam-agent,9,0,1.0,,0.2000000029802322,0.1000000014901161,libero_spatial_bc_vae_policy_vilt_task9_0721_0422_seed0_ratio0.9_b3687d
spatial,img,False,vae,bc-vae-baseline_img_cam-agent,9,1,1.0,,0.0,0.0,libero_spatial_bc_vae_policy_vilt_task9_0721_0520_seed1_ratio0.9_95d2cd
spatial,img,False,vae,bc-vae-baseline_img_cam-agent,9,2,1.0,,0.2000000029802322,0.0,libero_spatial_bc_vae_policy_vilt_task9_0721_0617_seed2_ratio0.9_05d0bf
spatial,img,False,vae,bc-vae-baseline_img_cam-agent,9,3,1.0,,0.0,0.0,libero_spatial_bc_vae_policy_vilt_task9_0721_0714_seed3_ratio0.9_4e67ff
spatial,img,False,vae,bc-vae-baseline_img_cam-agent,9,4,1.0,,0.0,0.0,libero_spatial_bc_vae_policy_vilt_task9_0721_0811_seed4_ratio0.9_4f6be6
goal,img,True,vae,bc-vae-baseline_img_cam-agent_distract,0,0,1.0,,0.6000000238418579,0.6000000238418579,libero_goal_bc_vae_policy_vilt_task0_0721_2314_seed0_ratio0.9_1da01e
goal,img,True,vae,bc-vae-baseline_img_cam-agent_distract,0,1,1.0,,0.6000000238418579,0.6000000238418579,libero_goal_bc_vae_policy_vilt_task0_0722_0108_seed1_ratio0.9_a1b105
goal,img,True,vae,bc-vae-baseline_img_cam-agent_distract,0,2,1.0,,0.699999988079071,0.699999988079071,libero_goal_bc_vae_policy_vilt_task0_0722_0300_seed2_ratio0.9_594f1b
goal,img,True,vae,bc-vae-baseline_img_cam-agent_distract,0,3,1.0,,0.8999999761581421,0.8999999761581421,libero_goal_bc_vae_policy_vilt_task0_0722_0451_seed3_ratio0.9_f4b3fb
goal,img,True,vae,bc-vae-baseline_img_cam-agent_distract,0,4,1.0,,1.0,1.0,libero_goal_bc_vae_policy_vilt_task0_0722_0643_seed4_ratio0.9_78333b
goal,img,True,vae,bc-vae-baseline_img_cam-agent_distract,1,0,1.0,,1.0,1.0,libero_goal_bc_vae_policy_vilt_task1_0721_2315_seed0_ratio0.9_d5e97a
goal,img,True,vae,bc-vae-baseline_img_cam-agent_distract,1,1,1.0,,0.2000000029802322,0.2000000029802322,libero_goal_bc_vae_policy_vilt_task1_0722_0027_seed1_ratio0.9_4d166a
goal,img,True,vae,bc-vae-baseline_img_cam-agent_distract,1,2,1.0,,0.5,0.5,libero_goal_bc_vae_policy_vilt_task1_0722_0142_seed2_ratio0.9_20225b
goal,img,True,vae,bc-vae-baseline_img_cam-agent_distract,1,3,1.0,,1.0,1.0,libero_goal_bc_vae_policy_vilt_task1_0722_0257_seed3_ratio0.9_5f4c92
goal,img,True,vae,bc-vae-baseline_img_cam-agent_distract,1,4,1.0,,0.699999988079071,0.699999988079071,libero_goal_bc_vae_policy_vilt_task1_0722_0410_seed4_ratio0.9_c9a54e
goal,img,True,vae,bc-vae-baseline_img_cam-agent_distract,2,0,1.0,,0.8999999761581421,0.8999999761581421,libero_goal_bc_vae_policy_vilt_task2_0721_2315_seed0_ratio0.9_93eaa2
goal,img,True,vae,bc-vae-baseline_img_cam-agent_distract,2,1,1.0,,0.2000000029802322,0.2000000029802322,libero_goal_bc_vae_policy_vilt_task2_0722_0034_seed1_ratio0.9_50d450
goal,img,True,vae,bc-vae-baseline_img_cam-agent_distract,2,2,1.0,,0.1000000014901161,0.1000000014901161,libero_goal_bc_vae_policy_vilt_task2_0722_0154_seed2_ratio0.9_4ed999
goal,img,True,vae,bc-vae-baseline_img_cam-agent_distract,2,3,1.0,,0.699999988079071,0.699999988079071,libero_goal_bc_vae_policy_vilt_task2_0722_0313_seed3_ratio0.9_6cf627
goal,img,True,vae,bc-vae-baseline_img_cam-agent_distract,2,4,1.0,,0.8999999761581421,0.8999999761581421,libero_goal_bc_vae_policy_vilt_task2_0722_0434_seed4_ratio0.9_4f7ecd
goal,img,True,vae,bc-vae-baseline_img_cam-agent_distract,3,0,1.0,,0.0,0.0,libero_goal_bc_vae_policy_vilt_task3_0721_2315_seed0_ratio0.9_9c33a8
goal,img,True,vae,bc-vae-baseline_img_cam-agent_distract,3,1,1.0,,0.3000000119209289,0.3000000119209289,libero_goal_bc_vae_policy_vilt_task3_0722_0126_seed1_ratio0.9_0ee3de
goal,img,True,vae,bc-vae-baseline_img_cam-agent_distract,3,2,1.0,,0.2000000029802322,0.2000000029802322,libero_goal_bc_vae_policy_vilt_task3_0722_0338_seed2_ratio0.9_e7e201
goal,img,True,vae,bc-vae-baseline_img_cam-agent_distract,3,3,1.0,,0.1000000014901161,0.1000000014901161,libero_goal_bc_vae_policy_vilt_task3_0722_0551_seed3_ratio0.9_b6a9fe
goal,img,True,vae,bc-vae-baseline_img_cam-agent_distract,3,4,1.0,,0.1000000014901161,0.1000000014901161,libero_goal_bc_vae_policy_vilt_task3_0722_0803_seed4_ratio0.9_78aa32
goal,img,True,vae,bc-vae-baseline_img_cam-agent_distract,4,0,1.0,,0.3000000119209289,0.3000000119209289,libero_goal_bc_vae_policy_vilt_task4_0721_2319_seed0_ratio0.9_8da174
goal,img,True,vae,bc-vae-baseline_img_cam-agent_distract,4,1,1.0,,0.4000000059604645,0.4000000059604645,libero_goal_bc_vae_policy_vilt_task4_0722_0034_seed1_ratio0.9_0bd72e
goal,img,True,vae,bc-vae-baseline_img_cam-agent_distract,4,2,1.0,,0.699999988079071,0.699999988079071,libero_goal_bc_vae_policy_vilt_task4_0722_0148_seed2_ratio0.9_62e9e7
goal,img,True,vae,bc-vae-baseline_img_cam-agent_distract,4,3,1.0,,0.699999988079071,0.699999988079071,libero_goal_bc_vae_policy_vilt_task4_0722_0302_seed3_ratio0.9_7d8359
goal,img,True,vae,bc-vae-baseline_img_cam-agent_distract,4,4,1.0,,0.800000011920929,0.800000011920929,libero_goal_bc_vae_policy_vilt_task4_0722_0416_seed4_ratio0.9_ebef53
goal,img,True,vae,bc-vae-baseline_img_cam-agent_distract,5,0,1.0,,0.3000000119209289,0.3000000119209289,libero_goal_bc_vae_policy_vilt_task5_0722_0311_seed0_ratio0.9_e95784
goal,img,True,vae,bc-vae-baseline_img_cam-agent_distract,5,1,1.0,,0.3000000119209289,0.3000000119209289,libero_goal_bc_vae_policy_vilt_task5_0722_0458_seed1_ratio0.9_9d6387
goal,img,True,vae,bc-vae-baseline_img_cam-agent_distract,5,2,1.0,,0.699999988079071,0.699999988079071,libero_goal_bc_vae_policy_vilt_task5_0722_0647_seed2_ratio0.9_d616d0
goal,img,True,vae,bc-vae-baseline_img_cam-agent_distract,5,3,1.0,,0.6000000238418579,0.6000000238418579,libero_goal_bc_vae_policy_vilt_task5_0722_0837_seed3_ratio0.9_62e793
goal,img,True,vae,bc-vae-baseline_img_cam-agent_distract,5,4,1.0,,0.3000000119209289,0.3000000119209289,libero_goal_bc_vae_policy_vilt_task5_0722_1025_seed4_ratio0.9_4789fe
goal,img,True,vae,bc-vae-baseline_img_cam-agent_distract,6,0,1.0,,0.699999988079071,0.699999988079071,libero_goal_bc_vae_policy_vilt_task6_0722_0421_seed0_ratio0.9_3eede3
goal,img,True,vae,bc-vae-baseline_img_cam-agent_distract,6,1,1.0,,0.6000000238418579,0.6000000238418579,libero_goal_bc_vae_policy_vilt_task6_0722_0540_seed1_ratio0.9_8a0984
goal,img,True,vae,bc-vae-baseline_img_cam-agent_distract,6,2,1.0,,0.3000000119209289,0.3000000119209289,libero_goal_bc_vae_policy_vilt_task6_0722_0700_seed2_ratio0.9_0951dd
goal,img,True,vae,bc-vae-baseline_img_cam-agent_distract,6,3,1.0,,0.699999988079071,0.699999988079071,libero_goal_bc_vae_policy_vilt_task6_0722_0818_seed3_ratio0.9_0996b3
goal,img,True,vae,bc-vae-baseline_img_cam-agent_distract,6,4,1.0,,0.6000000238418579,0.6000000238418579,libero_goal_bc_vae_policy_vilt_task6_0722_0937_seed4_ratio0.9_8f3a38
goal,img,True,vae,bc-vae-baseline_img_cam-agent_distract,7,0,1.0,,1.0,1.0,libero_goal_bc_vae_policy_vilt_task7_0722_0509_seed0_ratio0.9_e482af
goal,img,True,vae,bc-vae-baseline_img_cam-agent_distract,7,1,1.0,,1.0,1.0,libero_goal_bc_vae_policy_vilt_task7_0722_0611_seed1_ratio0.9_c7492d
goal,img,True,vae,bc-vae-baseline_img_cam-agent_distract,7,2,1.0,,0.2000000029802322,0.2000000029802322,libero_goal_bc_vae_policy_vilt_task7_0722_0715_seed2_ratio0.9_a3cbff
goal,img,True,vae,bc-vae-baseline_img_cam-agent_distract,7,3,1.0,,1.0,1.0,libero_goal_bc_vae_policy_vilt_task7_0722_0822_seed3_ratio0.9_0288f5
goal,img,True,vae,bc-vae-baseline_img_cam-agent_distract,7,4,1.0,,1.0,1.0,libero_goal_bc_vae_policy_vilt_task7_0722_0926_seed4_ratio0.9_88779c
goal,img,True,vae,bc-vae-baseline_img_cam-agent_distract,8,0,1.0,,0.6000000238418579,0.6000000238418579,libero_goal_bc_vae_policy_vilt_task8_0722_0531_seed0_ratio0.9_dfbab3
goal,img,True,vae,bc-vae-baseline_img_cam-agent_distract,8,1,1.0,,0.699999988079071,0.699999988079071,libero_goal_bc_vae_policy_vilt_task8_0722_0643_seed1_ratio0.9_c50211
goal,img,True,vae,bc-vae-baseline_img_cam-agent_distract,8,2,1.0,,0.0,0.0,libero_goal_bc_vae_policy_vilt_task8_0722_0754_seed2_ratio0.9_323dcb
goal,img,True,vae,bc-vae-baseline_img_cam-agent_distract,8,3,1.0,,0.1000000014901161,0.1000000014901161,libero_goal_bc_vae_policy_vilt_task8_0722_0906_seed3_ratio0.9_e3a191
goal,img,True,vae,bc-vae-baseline_img_cam-agent_distract,8,4,1.0,,0.699999988079071,0.699999988079071,libero_goal_bc_vae_policy_vilt_task8_0722_1018_seed4_ratio0.9_70a759
goal,img,True,vae,bc-vae-baseline_img_cam-agent_distract,9,0,1.0,,0.5,0.5,libero_goal_bc_vae_policy_vilt_task9_0722_0551_seed0_ratio0.9_033060
goal,img,True,vae,bc-vae-baseline_img_cam-agent_distract,9,1,1.0,,0.0,0.0,libero_goal_bc_vae_policy_vilt_task9_0722_0751_seed1_ratio0.9_721737
goal,img,True,vae,bc-vae-baseline_img_cam-agent_distract,9,2,1.0,,0.2000000029802322,0.2000000029802322,libero_goal_bc_vae_policy_vilt_task9_0722_0949_seed2_ratio0.9_503903
goal,img,True,vae,bc-vae-baseline_img_cam-agent_distract,9,3,1.0,,0.0,0.0,libero_goal_bc_vae_policy_vilt_task9_0722_1150_seed3_ratio0.9_03376e
goal,img,True,vae,bc-vae-baseline_img_cam-agent_distract,9,4,1.0,,0.3000000119209289,0.3000000119209289,libero_goal_bc_vae_policy_vilt_task9_0722_1349_seed4_ratio0.9_61b2e8
object,img,True,vae,bc-vae-baseline_img_cam-agent_distract,0,0,1.0,,0.699999988079071,0.699999988079071,libero_object_bc_vae_policy_vilt_task0_0721_1315_seed0_ratio0.9_4b5f80
object,img,True,vae,bc-vae-baseline_img_cam-agent_distract,0,1,1.0,,0.699999988079071,0.699999988079071,libero_object_bc_vae_policy_vilt_task0_0721_1500_seed1_ratio0.9_eaf09f
object,img,True,vae,bc-vae-baseline_img_cam-agent_distract,0,2,1.0,,0.5,0.5,libero_object_bc_vae_policy_vilt_task0_0721_1644_seed2_ratio0.9_064819
object,img,True,vae,bc-vae-baseline_img_cam-agent_distract,0,3,1.0,,0.6000000238418579,0.6000000238418579,libero_object_bc_vae_policy_vilt_task0_0721_1830_seed3_ratio0.9_467090
object,img,True,vae,bc-vae-baseline_img_cam-agent_distract,0,4,1.0,,0.3000000119209289,0.3000000119209289,libero_object_bc_vae_policy_vilt_task0_0721_2013_seed4_ratio0.9_63fac1
object,img,True,vae,bc-vae-baseline_img_cam-agent_distract,1,0,1.0,,0.3000000119209289,0.3000000119209289,libero_object_bc_vae_policy_vilt_task1_0721_1315_seed0_ratio0.9_ce86d0
object,img,True,vae,bc-vae-baseline_img_cam-agent_distract,1,1,1.0,,0.0,0.0,libero_object_bc_vae_policy_vilt_task1_0721_1505_seed1_ratio0.9_ea3989
object,img,True,vae,bc-vae-baseline_img_cam-agent_distract,1,2,1.0,,0.4000000059604645,0.4000000059604645,libero_object_bc_vae_policy_vilt_task1_0721_1655_seed2_ratio0.9_0e1385
object,img,True,vae,bc-vae-baseline_img_cam-agent_distract,1,3,1.0,,0.0,0.0,libero_object_bc_vae_policy_vilt_task1_0721_1844_seed3_ratio0.9_0a8de5
object,img,True,vae,bc-vae-baseline_img_cam-agent_distract,1,4,1.0,,0.800000011920929,0.800000011920929,libero_object_bc_vae_policy_vilt_task1_0721_2033_seed4_ratio0.9_2a48a0
object,img,True,vae,bc-vae-baseline_img_cam-agent_distract,2,0,1.0,,0.0,0.0,libero_object_bc_vae_policy_vilt_task2_0721_1419_seed0_ratio0.9_f58156
object,img,True,vae,bc-vae-baseline_img_cam-agent_distract,2,1,1.0,,0.6000000238418579,0.6000000238418579,libero_object_bc_vae_policy_vilt_task2_0721_1547_seed1_ratio0.9_79508e
object,img,True,vae,bc-vae-baseline_img_cam-agent_distract,2,2,1.0,,0.6000000238418579,0.6000000238418579,libero_object_bc_vae_policy_vilt_task2_0721_1717_seed2_ratio0.9_fdc569
object,img,True,vae,bc-vae-baseline_img_cam-agent_distract,2,3,1.0,,0.6000000238418579,0.6000000238418579,libero_object_bc_vae_policy_vilt_task2_0721_1847_seed3_ratio0.9_c31e53
object,img,True,vae,bc-vae-baseline_img_cam-agent_distract,2,4,1.0,,0.6000000238418579,0.6000000238418579,libero_object_bc_vae_policy_vilt_task2_0721_2015_seed4_ratio0.9_651baf
object,img,True,vae,bc-vae-baseline_img_cam-agent_distract,3,0,1.0,,0.3000000119209289,0.3000000119209289,libero_object_bc_vae_policy_vilt_task3_0721_1424_seed0_ratio0.9_1856f1
object,img,True,vae,bc-vae-baseline_img_cam-agent_distract,3,1,1.0,,0.5,0.5,libero_object_bc_vae_policy_vilt_task3_0721_1602_seed1_ratio0.9_b8e0de
object,img,True,vae,bc-vae-baseline_img_cam-agent_distract,3,2,1.0,,0.3000000119209289,0.3000000119209289,libero_object_bc_vae_policy_vilt_task3_0721_1738_seed2_ratio0.9_0e7c75
object,img,True,vae,bc-vae-baseline_img_cam-agent_distract,3,3,1.0,,0.0,0.0,libero_object_bc_vae_policy_vilt_task3_0721_1913_seed3_ratio0.9_5cc67c
object,img,True,vae,bc-vae-baseline_img_cam-agent_distract,3,4,1.0,,0.0,0.0,libero_object_bc_vae_policy_vilt_task3_0721_2049_seed4_ratio0.9_9c6ffb
object,img,True,vae,bc-vae-baseline_img_cam-agent_distract,4,0,1.0,,0.8999999761581421,0.8999999761581421,libero_object_bc_vae_policy_vilt_task4_0721_1514_seed0_ratio0.9_70050c
object,img,True,vae,bc-vae-baseline_img_cam-agent_distract,4,1,1.0,,1.0,1.0,libero_object_bc_vae_policy_vilt_task4_0721_1659_seed1_ratio0.9_368cdd
object,img,True,vae,bc-vae-baseline_img_cam-agent_distract,4,2,1.0,,0.4000000059604645,0.4000000059604645,libero_object_bc_vae_policy_vilt_task4_0721_1842_seed2_ratio0.9_ed95de
object,img,True,vae,bc-vae-baseline_img_cam-agent_distract,4,3,1.0,,1.0,1.0,libero_object_bc_vae_policy_vilt_task4_0721_2026_seed3_ratio0.9_d1f51e
object,img,True,vae,bc-vae-baseline_img_cam-agent_distract,4,4,1.0,,0.5,0.5,libero_object_bc_vae_policy_vilt_task4_0721_2209_seed4_ratio0.9_1c85b0
object,img,True,vae,bc-vae-baseline_img_cam-agent_distract,5,0,1.0,,0.6000000238418579,0.6000000238418579,libero_object_bc_vae_policy_vilt_task5_0721_1605_seed0_ratio0.9_f1f5a6
object,img,True,vae,bc-vae-baseline_img_cam-agent_distract,5,1,1.0,,0.4000000059604645,0.4000000059604645,libero_object_bc_vae_policy_vilt_task5_0721_1759_seed1_ratio0.9_b329b4
object,img,True,vae,bc-vae-baseline_img_cam-agent_distract,5,2,1.0,,0.8999999761581421,0.8999999761581421,libero_object_bc_vae_policy_vilt_task5_0721_1952_seed2_ratio0.9_8ae73a
object,img,True,vae,bc-vae-baseline_img_cam-agent_distract,5,3,1.0,,0.6000000238418579,0.6000000238418579,libero_object_bc_vae_policy_vilt_task5_0721_2144_seed3_ratio0.9_4b3ed0
object,img,True,vae,bc-vae-baseline_img_cam-agent_distract,5,4,1.0,,0.2000000029802322,0.2000000029802322,libero_object_bc_vae_policy_vilt_task5_0721_2337_seed4_ratio0.9_3bc53a
object,img,True,vae,bc-vae-baseline_img_cam-agent_distract,6,0,1.0,,0.6000000238418579,0.6000000238418579,libero_object_bc_vae_policy_vilt_task6_0721_1701_seed0_ratio0.9_bf16e9
object,img,True,vae,bc-vae-baseline_img_cam-agent_distract,6,1,1.0,,0.3000000119209289,0.3000000119209289,libero_object_bc_vae_policy_vilt_task6_0721_1845_seed1_ratio0.9_678476
object,img,True,vae,bc-vae-baseline_img_cam-agent_distract,6,2,1.0,,0.2000000029802322,0.2000000029802322,libero_object_bc_vae_policy_vilt_task6_0721_2028_seed2_ratio0.9_ded717
object,img,True,vae,bc-vae-baseline_img_cam-agent_distract,6,3,1.0,,0.699999988079071,0.699999988079071,libero_object_bc_vae_policy_vilt_task6_0721_2212_seed3_ratio0.9_d24b12
object,img,True,vae,bc-vae-baseline_img_cam-agent_distract,6,4,1.0,,0.699999988079071,0.699999988079071,libero_object_bc_vae_policy_vilt_task6_0721_2355_seed4_ratio0.9_c3535d
object,img,True,vae,bc-vae-baseline_img_cam-agent_distract,7,0,1.0,,0.3000000119209289,0.3000000119209289,libero_object_bc_vae_policy_vilt_task7_0721_1707_seed0_ratio0.9_9985c2
object,img,True,vae,bc-vae-baseline_img_cam-agent_distract,7,1,1.0,,0.5,0.5,libero_object_bc_vae_policy_vilt_task7_0721_1842_seed1_ratio0.9_c3bf17
object,img,True,vae,bc-vae-baseline_img_cam-agent_distract,7,2,1.0,,0.4000000059604645,0.4000000059604645,libero_object_bc_vae_policy_vilt_task7_0721_2017_seed2_ratio0.9_f0944d
object,img,True,vae,bc-vae-baseline_img_cam-agent_distract,7,3,1.0,,0.2000000029802322,0.2000000029802322,libero_object_bc_vae_policy_vilt_task7_0721_2152_seed3_ratio0.9_b5607c
object,img,True,vae,bc-vae-baseline_img_cam-agent_distract,7,4,1.0,,1.0,1.0,libero_object_bc_vae_policy_vilt_task7_0721_2327_seed4_ratio0.9_59aa15
object,img,True,vae,bc-vae-baseline_img_cam-agent_distract,8,0,1.0,,0.0,0.0,libero_object_bc_vae_policy_vilt_task8_0721_1802_seed0_ratio0.9_cff3fd
object,img,True,vae,bc-vae-baseline_img_cam-agent_distract,8,1,1.0,,0.800000011920929,0.800000011920929,libero_object_bc_vae_policy_vilt_task8_0721_1951_seed1_ratio0.9_0695b4
object,img,True,vae,bc-vae-baseline_img_cam-agent_distract,8,2,1.0,,0.800000011920929,0.800000011920929,libero_object_bc_vae_policy_vilt_task8_0721_2138_seed2_ratio0.9_275a34
object,img,True,vae,bc-vae-baseline_img_cam-agent_distract,8,3,1.0,,0.0,0.0,libero_object_bc_vae_policy_vilt_task8_0721_2324_seed3_ratio0.9_650349
object,img,True,vae,bc-vae-baseline_img_cam-agent_distract,8,4,1.0,,1.0,1.0,libero_object_bc_vae_policy_vilt_task8_0722_0111_seed4_ratio0.9_095386
object,img,True,vae,bc-vae-baseline_img_cam-agent_distract,9,0,1.0,,0.8999999761581421,0.8999999761581421,libero_object_bc_vae_policy_vilt_task9_0721_1855_seed0_ratio0.9_ad8519
object,img,True,vae,bc-vae-baseline_img_cam-agent_distract,9,1,1.0,,0.800000011920929,0.800000011920929,libero_object_bc_vae_policy_vilt_task9_0721_2042_seed1_ratio0.9_77aae8
object,img,True,vae,bc-vae-baseline_img_cam-agent_distract,9,2,1.0,,0.2000000029802322,0.2000000029802322,libero_object_bc_vae_policy_vilt_task9_0721_2229_seed2_ratio0.9_4a70c1
object,img,True,vae,bc-vae-baseline_img_cam-agent_distract,9,3,1.0,,0.800000011920929,0.800000011920929,libero_object_bc_vae_policy_vilt_task9_0722_0016_seed3_ratio0.9_22400b
object,img,True,vae,bc-vae-baseline_img_cam-agent_distract,9,4,1.0,,0.3000000119209289,0.3000000119209289,libero_object_bc_vae_policy_vilt_task9_0722_0203_seed4_ratio0.9_91eb4d
spatial,img,True,vae,bc-vae-baseline_img_cam-agent_distract,0,0,1.0,,0.2000000029802322,0.2000000029802322,libero_spatial_bc_vae_policy_vilt_task0_0719_1925_seed0_ratio0.9_33fd16
spatial,img,True,vae,bc-vae-baseline_img_cam-agent_distract,0,1,1.0,,0.6000000238418579,0.6000000238418579,libero_spatial_bc_vae_policy_vilt_task0_0719_2041_seed1_ratio0.9_7c4ad0
spatial,img,True,vae,bc-vae-baseline_img_cam-agent_distract,0,2,1.0,,0.6000000238418579,0.6000000238418579,libero_spatial_bc_vae_policy_vilt_task0_0719_2157_seed2_ratio0.9_37b0e1
spatial,img,True,vae,bc-vae-baseline_img_cam-agent_distract,0,3,1.0,,0.2000000029802322,0.2000000029802322,libero_spatial_bc_vae_policy_vilt_task0_0719_2312_seed3_ratio0.9_de9c20
spatial,img,True,vae,bc-vae-baseline_img_cam-agent_distract,0,4,1.0,,0.4000000059604645,0.4000000059604645,libero_spatial_bc_vae_policy_vilt_task0_0720_0028_seed4_ratio0.9_14f38e
spatial,img,True,vae,bc-vae-baseline_img_cam-agent_distract,1,0,1.0,,0.800000011920929,0.800000011920929,libero_spatial_bc_vae_policy_vilt_task1_0719_1925_seed0_ratio0.9_e5b371
spatial,img,True,vae,bc-vae-baseline_img_cam-agent_distract,1,1,1.0,,0.4000000059604645,0.4000000059604645,libero_spatial_bc_vae_policy_vilt_task1_0719_2100_seed1_ratio0.9_dba7ea
spatial,img,True,vae,bc-vae-baseline_img_cam-agent_distract,1,2,1.0,,0.4000000059604645,0.4000000059604645,libero_spatial_bc_vae_policy_vilt_task1_0719_2233_seed2_ratio0.9_d913de
spatial,img,True,vae,bc-vae-baseline_img_cam-agent_distract,1,3,1.0,,0.1000000014901161,0.1000000014901161,libero_spatial_bc_vae_policy_vilt_task1_0720_0007_seed3_ratio0.9_9bace5
spatial,img,True,vae,bc-vae-baseline_img_cam-agent_distract,1,4,1.0,,0.800000011920929,0.800000011920929,libero_spatial_bc_vae_policy_vilt_task1_0720_0140_seed4_ratio0.9_333133
spatial,img,True,vae,bc-vae-baseline_img_cam-agent_distract,2,0,1.0,,0.5,0.5,libero_spatial_bc_vae_policy_vilt_task2_0719_1925_seed0_ratio0.9_f75768
spatial,img,True,vae,bc-vae-baseline_img_cam-agent_distract,2,1,1.0,,0.800000011920929,0.800000011920929,libero_spatial_bc_vae_policy_vilt_task2_0719_2050_seed1_ratio0.9_3caa42
spatial,img,True,vae,bc-vae-baseline_img_cam-agent_distract,2,2,1.0,,0.5,0.5,libero_spatial_bc_vae_policy_vilt_task2_0719_2214_seed2_ratio0.9_a253ff
spatial,img,True,vae,bc-vae-baseline_img_cam-agent_distract,2,3,1.0,,0.6000000238418579,0.6000000238418579,libero_spatial_bc_vae_policy_vilt_task2_0719_2338_seed3_ratio0.9_82a02c
spatial,img,True,vae,bc-vae-baseline_img_cam-agent_distract,2,4,1.0,,0.8999999761581421,0.8999999761581421,libero_spatial_bc_vae_policy_vilt_task2_0720_0101_seed4_ratio0.9_47c23e
spatial,img,True,vae,bc-vae-baseline_img_cam-agent_distract,3,0,1.0,,0.6000000238418579,0.6000000238418579,libero_spatial_bc_vae_policy_vilt_task3_0719_1925_seed0_ratio0.9_1771f4
spatial,img,True,vae,bc-vae-baseline_img_cam-agent_distract,3,1,1.0,,0.800000011920929,0.800000011920929,libero_spatial_bc_vae_policy_vilt_task3_0719_2056_seed1_ratio0.9_b6aaa9
spatial,img,True,vae,bc-vae-baseline_img_cam-agent_distract,3,2,1.0,,0.5,0.5,libero_spatial_bc_vae_policy_vilt_task3_0719_2226_seed2_ratio0.9_837958
spatial,img,True,vae,bc-vae-baseline_img_cam-agent_distract,3,3,1.0,,0.5,0.5,libero_spatial_bc_vae_policy_vilt_task3_0719_2357_seed3_ratio0.9_a188ca
spatial,img,True,vae,bc-vae-baseline_img_cam-agent_distract,3,4,1.0,,0.5,0.5,libero_spatial_bc_vae_policy_vilt_task3_0720_0128_seed4_ratio0.9_1e936a
spatial,img,True,vae,bc-vae-baseline_img_cam-agent_distract,4,0,1.0,,0.0,0.0,libero_spatial_bc_vae_policy_vilt_task4_0719_1925_seed0_ratio0.9_65db06
spatial,img,True,vae,bc-vae-baseline_img_cam-agent_distract,4,1,1.0,,0.0,0.0,libero_spatial_bc_vae_policy_vilt_task4_0719_2108_seed1_ratio0.9_94c8d4
spatial,img,True,vae,bc-vae-baseline_img_cam-agent_distract,4,2,1.0,,0.1000000014901161,0.1000000014901161,libero_spatial_bc_vae_policy_vilt_task4_0719_2251_seed2_ratio0.9_649a19
spatial,img,True,vae,bc-vae-baseline_img_cam-agent_distract,4,3,1.0,,0.0,0.0,libero_spatial_bc_vae_policy_vilt_task4_0720_0033_seed3_ratio0.9_ad00c8
spatial,img,True,vae,bc-vae-baseline_img_cam-agent_distract,4,4,1.0,,0.0,0.0,libero_spatial_bc_vae_policy_vilt_task4_0720_0215_seed4_ratio0.9_0a5dfc
spatial,img,True,vae,bc-vae-baseline_img_cam-agent_distract,5,0,1.0,,0.0,0.0,libero_spatial_bc_vae_policy_vilt_task5_0720_0337_seed0_ratio0.9_c899e9
spatial,img,True,vae,bc-vae-baseline_img_cam-agent_distract,5,1,1.0,,0.0,0.0,libero_spatial_bc_vae_policy_vilt_task5_0720_0500_seed1_ratio0.9_bc4417
spatial,img,True,vae,bc-vae-baseline_img_cam-agent_distract,5,2,1.0,,0.0,0.0,libero_spatial_bc_vae_policy_vilt_task5_0720_0624_seed2_ratio0.9_005bc8
spatial,img,True,vae,bc-vae-baseline_img_cam-agent_distract,5,3,1.0,,0.0,0.0,libero_spatial_bc_vae_policy_vilt_task5_0720_0748_seed3_ratio0.9_ec8b52
spatial,img,True,vae,bc-vae-baseline_img_cam-agent_distract,5,4,1.0,,0.1000000014901161,0.1000000014901161,libero_spatial_bc_vae_policy_vilt_task5_0720_0911_seed4_ratio0.9_bbc687
spatial,img,True,vae,bc-vae-baseline_img_cam-agent_distract,6,0,1.0,,0.699999988079071,0.699999988079071,libero_spatial_bc_vae_policy_vilt_task6_0720_2359_seed0_ratio0.9_b66a69
spatial,img,True,vae,bc-vae-baseline_img_cam-agent_distract,6,1,1.0,,0.6000000238418579,0.6000000238418579,libero_spatial_bc_vae_policy_vilt_task6_0721_0127_seed1_ratio0.9_3ed1e0
spatial,img,True,vae,bc-vae-baseline_img_cam-agent_distract,6,2,1.0,,0.2000000029802322,0.2000000029802322,libero_spatial_bc_vae_policy_vilt_task6_0721_0254_seed2_ratio0.9_5b5505
spatial,img,True,vae,bc-vae-baseline_img_cam-agent_distract,6,3,1.0,,0.5,0.5,libero_spatial_bc_vae_policy_vilt_task6_0721_0421_seed3_ratio0.9_174e19
spatial,img,True,vae,bc-vae-baseline_img_cam-agent_distract,6,4,1.0,,0.3000000119209289,0.3000000119209289,libero_spatial_bc_vae_policy_vilt_task6_0721_0550_seed4_ratio0.9_8481b1
spatial,img,True,vae,bc-vae-baseline_img_cam-agent_distract,7,0,1.0,,0.800000011920929,0.800000011920929,libero_spatial_bc_vae_policy_vilt_task7_0721_0238_seed0_ratio0.9_9de706
spatial,img,True,vae,bc-vae-baseline_img_cam-agent_distract,7,1,1.0,,0.3000000119209289,0.3000000119209289,libero_spatial_bc_vae_policy_vilt_task7_0721_0416_seed1_ratio0.9_90344e
spatial,img,True,vae,bc-vae-baseline_img_cam-agent_distract,7,2,1.0,,0.3000000119209289,0.3000000119209289,libero_spatial_bc_vae_policy_vilt_task7_0721_0553_seed2_ratio0.9_c2ac64
spatial,img,True,vae,bc-vae-baseline_img_cam-agent_distract,7,3,1.0,,0.4000000059604645,0.4000000059604645,libero_spatial_bc_vae_policy_vilt_task7_0721_0731_seed3_ratio0.9_bafe79
spatial,img,True,vae,bc-vae-baseline_img_cam-agent_distract,7,4,1.0,,0.0,0.0,libero_spatial_bc_vae_policy_vilt_task7_0721_0909_seed4_ratio0.9_b04641
spatial,img,True,vae,bc-vae-baseline_img_cam-agent_distract,8,0,1.0,,0.6000000238418579,0.6000000238418579,libero_spatial_bc_vae_policy_vilt_task8_0721_0334_seed0_ratio0.9_67b67d
spatial,img,True,vae,bc-vae-baseline_img_cam-agent_distract,8,1,1.0,,0.3000000119209289,0.3000000119209289,libero_spatial_bc_vae_policy_vilt_task8_0721_0502_seed1_ratio0.9_a70fa5
spatial,img,True,vae,bc-vae-baseline_img_cam-agent_distract,8,2,1.0,,0.3000000119209289,0.3000000119209289,libero_spatial_bc_vae_policy_vilt_task8_0721_0631_seed2_ratio0.9_7645d8
spatial,img,True,vae,bc-vae-baseline_img_cam-agent_distract,8,3,1.0,,0.4000000059604645,0.4000000059604645,libero_spatial_bc_vae_policy_vilt_task8_0721_0759_seed3_ratio0.9_05df3b
spatial,img,True,vae,bc-vae-baseline_img_cam-agent_distract,8,4,1.0,,0.2000000029802322,0.2000000029802322,libero_spatial_bc_vae_policy_vilt_task8_0721_0928_seed4_ratio0.9_cb61fb
spatial,img,True,vae,bc-vae-baseline_img_cam-agent_distract,9,0,1.0,,0.1000000014901161,0.1000000014901161,libero_spatial_bc_vae_policy_vilt_task9_0721_0441_seed0_ratio0.9_ce7e36
spatial,img,True,vae,bc-vae-baseline_img_cam-agent_distract,9,1,1.0,,0.0,0.0,libero_spatial_bc_vae_policy_vilt_task9_0721_0621_seed1_ratio0.9_3744a1
spatial,img,True,vae,bc-vae-baseline_img_cam-agent_distract,9,2,1.0,,0.4000000059604645,0.4000000059604645,libero_spatial_bc_vae_policy_vilt_task9_0721_0800_seed2_ratio0.9_1d614d
spatial,img,True,vae,bc-vae-baseline_img_cam-agent_distract,9,3,1.0,,0.1000000014901161,0.1000000014901161,libero_spatial_bc_vae_policy_vilt_task9_0721_0939_seed3_ratio0.9_26ebfc
spatial,img,True,vae,bc-vae-baseline_img_cam-agent_distract,9,4,1.0,,0.3000000119209289,0.3000000119209289,libero_spatial_bc_vae_policy_vilt_task9_0721_1116_seed4_ratio0.9_b946df
goal,img,False,vip,bc-vip-baseline-better-weight-rerun_img_cam-agent,0,0,0.01,,1.0,0.8999999761581421,libero_goal_bc_vip_policy_vilt_task0_0822_0132_seed0_ratio0.9_55b133
goal,img,False,vip,bc-vip-baseline-better-weight-rerun_img_cam-agent,0,1,0.01,,0.6000000238418579,0.6000000238418579,libero_goal_bc_vip_policy_vilt_task0_0822_0248_seed1_ratio0.9_d87c6e
goal,img,False,vip,bc-vip-baseline-better-weight-rerun_img_cam-agent,0,2,0.01,,0.800000011920929,0.4000000059604645,libero_goal_bc_vip_policy_vilt_task0_0822_0403_seed2_ratio0.9_d7d15d
goal,img,False,vip,bc-vip-baseline-better-weight-rerun_img_cam-agent,0,3,0.01,,0.5,0.699999988079071,libero_goal_bc_vip_policy_vilt_task0_0822_0519_seed3_ratio0.9_7966f8
goal,img,False,vip,bc-vip-baseline-better-weight-rerun_img_cam-agent,0,4,0.01,,0.8999999761581421,0.800000011920929,libero_goal_bc_vip_policy_vilt_task0_0822_0132_seed4_ratio0.9_981996
goal,img,False,vip,bc-vip-baseline-better-weight-rerun_img_cam-agent,1,0,0.01,,1.0,0.8999999761581421,libero_goal_bc_vip_policy_vilt_task1_0822_0612_seed0_ratio0.9_484f53
goal,img,False,vip,bc-vip-baseline-better-weight-rerun_img_cam-agent,1,1,0.01,,0.699999988079071,0.8999999761581421,libero_goal_bc_vip_policy_vilt_task1_0822_0725_seed1_ratio0.9_fb66e2
goal,img,False,vip,bc-vip-baseline-better-weight-rerun_img_cam-agent,1,2,0.01,,0.8999999761581421,1.0,libero_goal_bc_vip_policy_vilt_task1_0822_0125_seed2_ratio0.9_7ec3bc
goal,img,False,vip,bc-vip-baseline-better-weight-rerun_img_cam-agent,1,3,0.01,,0.699999988079071,0.800000011920929,libero_goal_bc_vip_policy_vilt_task1_0822_0221_seed3_ratio0.9_fc31f6
goal,img,False,vip,bc-vip-baseline-better-weight-rerun_img_cam-agent,1,4,0.01,,0.8999999761581421,0.800000011920929,libero_goal_bc_vip_policy_vilt_task1_0822_0318_seed4_ratio0.9_ac92c9
goal,img,False,vip,bc-vip-baseline-better-weight-rerun_img_cam-agent,2,0,0.01,,0.0,0.699999988079071,libero_goal_bc_vip_policy_vilt_task2_0822_0125_seed0_ratio0.9_2b89cf
goal,img,False,vip,bc-vip-baseline-better-weight-rerun_img_cam-agent,2,1,0.01,,0.6000000238418579,0.800000011920929,libero_goal_bc_vip_policy_vilt_task2_0822_0226_seed1_ratio0.9_e4c858
goal,img,False,vip,bc-vip-baseline-better-weight-rerun_img_cam-agent,2,2,0.01,,0.800000011920929,0.8999999761581421,libero_goal_bc_vip_policy_vilt_task2_0822_0326_seed2_ratio0.9_01e700
goal,img,False,vip,bc-vip-baseline-better-weight-rerun_img_cam-agent,2,3,0.01,,0.2000000029802322,0.5,libero_goal_bc_vip_policy_vilt_task2_0822_0427_seed3_ratio0.9_7c7752
goal,img,False,vip,bc-vip-baseline-better-weight-rerun_img_cam-agent,2,4,0.01,,0.8999999761581421,1.0,libero_goal_bc_vip_policy_vilt_task2_0822_0125_seed4_ratio0.9_e3b3de
goal,img,False,vip,bc-vip-baseline-better-weight-rerun_img_cam-agent,3,2,0.01,,0.3000000119209289,0.2000000029802322,libero_goal_bc_vip_policy_vilt_task3_0822_0132_seed2_ratio0.9_d80e66
goal,img,False,vip,bc-vip-baseline-better-weight-rerun_img_cam-agent,3,3,0.01,,0.800000011920929,0.800000011920929,libero_goal_bc_vip_policy_vilt_task3_0822_0319_seed3_ratio0.9_8f8870
goal,img,False,vip,bc-vip-baseline-better-weight-rerun_img_cam-agent,3,4,0.01,,0.1000000014901161,0.3000000119209289,libero_goal_bc_vip_policy_vilt_task3_0822_0507_seed4_ratio0.9_e52a60
goal,img,False,vip,bc-vip-baseline-better-weight-rerun_img_cam-agent,4,0,0.01,,0.6000000238418579,0.2000000029802322,libero_goal_bc_vip_policy_vilt_task4_0822_0132_seed0_ratio0.9_7af9af
goal,img,False,vip,bc-vip-baseline-better-weight-rerun_img_cam-agent,4,1,0.01,,0.5,0.699999988079071,libero_goal_bc_vip_policy_vilt_task4_0822_0235_seed1_ratio0.9_fa1f91
goal,img,False,vip,bc-vip-baseline-better-weight-rerun_img_cam-agent,4,2,0.01,,0.800000011920929,0.800000011920929,libero_goal_bc_vip_policy_vilt_task4_0822_0336_seed2_ratio0.9_7e7187
goal,img,False,vip,bc-vip-baseline-better-weight-rerun_img_cam-agent,4,3,0.01,,0.4000000059604645,0.6000000238418579,libero_goal_bc_vip_policy_vilt_task4_0822_0439_seed3_ratio0.9_e0cbc7
goal,img,False,vip,bc-vip-baseline-better-weight-rerun_img_cam-agent,4,4,0.01,,0.6000000238418579,0.8999999761581421,libero_goal_bc_vip_policy_vilt_task4_0822_0125_seed4_ratio0.9_94ca1b
goal,img,False,vip,bc-vip-baseline-better-weight-rerun_img_cam-agent,5,0,0.01,,1.0,0.800000011920929,libero_goal_bc_vip_policy_vilt_task5_0822_0427_seed0_ratio0.9_258abf
goal,img,False,vip,bc-vip-baseline-better-weight-rerun_img_cam-agent,5,1,0.01,,0.8999999761581421,0.699999988079071,libero_goal_bc_vip_policy_vilt_task5_0822_0546_seed1_ratio0.9_1220f1
goal,img,False,vip,bc-vip-baseline-better-weight-rerun_img_cam-agent,5,2,0.01,,1.0,0.5,libero_goal_bc_vip_policy_vilt_task5_0822_0125_seed2_ratio0.9_99ad52
goal,img,False,vip,bc-vip-baseline-better-weight-rerun_img_cam-agent,5,3,0.01,,0.800000011920929,0.699999988079071,libero_goal_bc_vip_policy_vilt_task5_0822_0245_seed3_ratio0.9_a733e6
goal,img,False,vip,bc-vip-baseline-better-weight-rerun_img_cam-agent,5,4,0.01,,0.5,0.6000000238418579,libero_goal_bc_vip_policy_vilt_task5_0822_0405_seed4_ratio0.9_338572
goal,img,False,vip,bc-vip-baseline-better-weight-rerun_img_cam-agent,6,0,0.01,,0.8999999761581421,0.699999988079071,libero_goal_bc_vip_policy_vilt_task6_0822_0125_seed0_ratio0.9_e436f3
goal,img,False,vip,bc-vip-baseline-better-weight-rerun_img_cam-agent,6,1,0.01,,0.8999999761581421,0.699999988079071,libero_goal_bc_vip_policy_vilt_task6_0822_0224_seed1_ratio0.9_f0a1d9
goal,img,False,vip,bc-vip-baseline-better-weight-rerun_img_cam-agent,6,2,0.01,,0.800000011920929,0.800000011920929,libero_goal_bc_vip_policy_vilt_task6_0822_0323_seed2_ratio0.9_7d8b62
goal,img,False,vip,bc-vip-baseline-better-weight-rerun_img_cam-agent,6,3,0.01,,0.8999999761581421,0.5,libero_goal_bc_vip_policy_vilt_task6_0822_0421_seed3_ratio0.9_1d66dc
goal,img,False,vip,bc-vip-baseline-better-weight-rerun_img_cam-agent,6,4,0.01,,1.0,1.0,libero_goal_bc_vip_policy_vilt_task6_0822_0132_seed4_ratio0.9_7b8c45
goal,img,False,vip,bc-vip-baseline-better-weight-rerun_img_cam-agent,7,0,0.01,,1.0,1.0,libero_goal_bc_vip_policy_vilt_task7_0822_0439_seed0_ratio0.9_2afe5c
goal,img,False,vip,bc-vip-baseline-better-weight-rerun_img_cam-agent,7,1,0.01,,1.0,1.0,libero_goal_bc_vip_policy_vilt_task7_0822_0525_seed1_ratio0.9_962d8d
goal,img,False,vip,bc-vip-baseline-better-weight-rerun_img_cam-agent,7,2,0.01,,1.0,1.0,libero_goal_bc_vip_policy_vilt_task7_0822_0132_seed2_ratio0.9_d09678
goal,img,False,vip,bc-vip-baseline-better-weight-rerun_img_cam-agent,7,3,0.01,,1.0,1.0,libero_goal_bc_vip_policy_vilt_task7_0822_0220_seed3_ratio0.9_058bf3
goal,img,False,vip,bc-vip-baseline-better-weight-rerun_img_cam-agent,7,4,0.01,,1.0,1.0,libero_goal_bc_vip_policy_vilt_task7_0822_0307_seed4_ratio0.9_6fd487
goal,img,False,vip,bc-vip-baseline-better-weight-rerun_img_cam-agent,8,0,0.01,,0.800000011920929,0.8999999761581421,libero_goal_bc_vip_policy_vilt_task8_0822_0132_seed0_ratio0.9_a40088
goal,img,False,vip,bc-vip-baseline-better-weight-rerun_img_cam-agent,8,1,0.01,,0.699999988079071,0.800000011920929,libero_goal_bc_vip_policy_vilt_task8_0822_0226_seed1_ratio0.9_c76fb2
goal,img,False,vip,bc-vip-baseline-better-weight-rerun_img_cam-agent,8,2,0.01,,0.6000000238418579,0.8999999761581421,libero_goal_bc_vip_policy_vilt_task8_0822_0320_seed2_ratio0.9_a8de0c
goal,img,False,vip,bc-vip-baseline-better-weight-rerun_img_cam-agent,8,3,0.01,,0.8999999761581421,0.8999999761581421,libero_goal_bc_vip_policy_vilt_task8_0822_0413_seed3_ratio0.9_d3ae71
goal,img,False,vip,bc-vip-baseline-better-weight-rerun_img_cam-agent,8,4,0.01,,0.699999988079071,1.0,libero_goal_bc_vip_policy_vilt_task8_0822_0132_seed4_ratio0.9_582d42
goal,img,False,vip,bc-vip-baseline-better-weight-rerun_img_cam-agent,9,0,0.01,,0.0,0.0,libero_goal_bc_vip_policy_vilt_task9_0822_0422_seed0_ratio0.9_7d59e5
goal,img,False,vip,bc-vip-baseline-better-weight-rerun_img_cam-agent,9,1,0.01,,0.1000000014901161,0.3000000119209289,libero_goal_bc_vip_policy_vilt_task9_0822_0551_seed1_ratio0.9_b72e3d
goal,img,False,vip,bc-vip-baseline-better-weight-rerun_img_cam-agent,9,2,0.01,,0.1000000014901161,0.4000000059604645,libero_goal_bc_vip_policy_vilt_task9_0822_0132_seed2_ratio0.9_417d51
goal,img,False,vip,bc-vip-baseline-better-weight-rerun_img_cam-agent,9,3,0.01,,0.0,0.1000000014901161,libero_goal_bc_vip_policy_vilt_task9_0822_0302_seed3_ratio0.9_a77cdd
goal,img,False,vip,bc-vip-baseline-better-weight-rerun_img_cam-agent,9,4,0.01,,0.2000000029802322,0.5,libero_goal_bc_vip_policy_vilt_task9_0822_0432_seed4_ratio0.9_eb8990
object,img,False,vip,bc-vip-baseline-better-weight-rerun_img_cam-agent,0,0,0.01,,0.2000000029802322,0.800000011920929,libero_object_bc_vip_policy_vilt_task0_0822_0132_seed0_ratio0.9_aaca67
object,img,False,vip,bc-vip-baseline-better-weight-rerun_img_cam-agent,0,1,0.01,,0.5,1.0,libero_object_bc_vip_policy_vilt_task0_0822_0253_seed1_ratio0.9_a44533
object,img,False,vip,bc-vip-baseline-better-weight-rerun_img_cam-agent,0,2,0.01,,1.0,1.0,libero_object_bc_vip_policy_vilt_task0_0822_0413_seed2_ratio0.9_f76ab2
object,img,False,vip,bc-vip-baseline-better-weight-rerun_img_cam-agent,0,3,0.01,,0.800000011920929,0.3000000119209289,libero_object_bc_vip_policy_vilt_task0_0822_0532_seed3_ratio0.9_e63597
object,img,False,vip,bc-vip-baseline-better-weight-rerun_img_cam-agent,0,4,0.01,,1.0,0.4000000059604645,libero_object_bc_vip_policy_vilt_task0_0822_0132_seed4_ratio0.9_90aedf
object,img,False,vip,bc-vip-baseline-better-weight-rerun_img_cam-agent,1,0,0.01,,0.0,0.6000000238418579,libero_object_bc_vip_policy_vilt_task1_0822_0548_seed0_ratio0.9_ba9a82
object,img,False,vip,bc-vip-baseline-better-weight-rerun_img_cam-agent,1,1,0.01,,1.0,1.0,libero_object_bc_vip_policy_vilt_task1_0822_0702_seed1_ratio0.9_c020a0
object,img,False,vip,bc-vip-baseline-better-weight-rerun_img_cam-agent,1,2,0.01,,0.0,0.699999988079071,libero_object_bc_vip_policy_vilt_task1_0822_0132_seed2_ratio0.9_7c848e
object,img,False,vip,bc-vip-baseline-better-weight-rerun_img_cam-agent,1,3,0.01,,0.0,0.1000000014901161,libero_object_bc_vip_policy_vilt_task1_0822_0245_seed3_ratio0.9_052ffd
object,img,False,vip,bc-vip-baseline-better-weight-rerun_img_cam-agent,1,4,0.01,,0.8999999761581421,1.0,libero_object_bc_vip_policy_vilt_task1_0822_0359_seed4_ratio0.9_000ea7
object,img,False,vip,bc-vip-baseline-better-weight-rerun_img_cam-agent,2,0,0.01,,0.6000000238418579,0.699999988079071,libero_object_bc_vip_policy_vilt_task2_0822_0132_seed0_ratio0.9_47e3e6
object,img,False,vip,bc-vip-baseline-better-weight-rerun_img_cam-agent,2,1,0.01,,0.800000011920929,0.6000000238418579,libero_object_bc_vip_policy_vilt_task2_0822_0241_seed1_ratio0.9_c5a37c
object,img,False,vip,bc-vip-baseline-better-weight-rerun_img_cam-agent,2,2,0.01,,0.8999999761581421,1.0,libero_object_bc_vip_policy_vilt_task2_0822_0350_seed2_ratio0.9_3eda5b
object,img,False,vip,bc-vip-baseline-better-weight-rerun_img_cam-agent,2,3,0.01,,0.8999999761581421,1.0,libero_object_bc_vip_policy_vilt_task2_0822_0458_seed3_ratio0.9_718d81
object,img,False,vip,bc-vip-baseline-better-weight-rerun_img_cam-agent,2,4,0.01,,0.800000011920929,0.8999999761581421,libero_object_bc_vip_policy_vilt_task2_0822_0132_seed4_ratio0.9_f6a4d6
object,img,False,vip,bc-vip-baseline-better-weight-rerun_img_cam-agent,3,0,0.01,,0.6000000238418579,0.2000000029802322,libero_object_bc_vip_policy_vilt_task3_0822_0518_seed0_ratio0.9_9c92e2
object,img,False,vip,bc-vip-baseline-better-weight-rerun_img_cam-agent,3,1,0.01,,0.800000011920929,0.1000000014901161,libero_object_bc_vip_policy_vilt_task3_0822_0632_seed1_ratio0.9_05f26b
object,img,False,vip,bc-vip-baseline-better-weight-rerun_img_cam-agent,3,2,0.01,,0.4000000059604645,0.800000011920929,libero_object_bc_vip_policy_vilt_task3_0822_0132_seed2_ratio0.9_6996c7
object,img,False,vip,bc-vip-baseline-better-weight-rerun_img_cam-agent,3,3,0.01,,0.699999988079071,0.5,libero_object_bc_vip_policy_vilt_task3_0822_0246_seed3_ratio0.9_530612
object,img,False,vip,bc-vip-baseline-better-weight-rerun_img_cam-agent,3,4,0.01,,0.6000000238418579,0.699999988079071,libero_object_bc_vip_policy_vilt_task3_0822_0401_seed4_ratio0.9_ff8ca2
object,img,False,vip,bc-vip-baseline-better-weight-rerun_img_cam-agent,4,0,0.01,,0.800000011920929,0.0,libero_object_bc_vip_policy_vilt_task4_0822_0132_seed0_ratio0.9_08d279
object,img,False,vip,bc-vip-baseline-better-weight-rerun_img_cam-agent,4,1,0.01,,0.699999988079071,1.0,libero_object_bc_vip_policy_vilt_task4_0822_0252_seed1_ratio0.9_3012b4
object,img,False,vip,bc-vip-baseline-better-weight-rerun_img_cam-agent,4,2,0.01,,0.2000000029802322,0.0,libero_object_bc_vip_policy_vilt_task4_0822_0412_seed2_ratio0.9_f5b6b8
object,img,False,vip,bc-vip-baseline-better-weight-rerun_img_cam-agent,4,3,0.01,,0.800000011920929,0.5,libero_object_bc_vip_policy_vilt_task4_0822_0531_seed3_ratio0.9_dd30f2
object,img,False,vip,bc-vip-baseline-better-weight-rerun_img_cam-agent,4,4,0.01,,0.4000000059604645,0.800000011920929,libero_object_bc_vip_policy_vilt_task4_0822_0132_seed4_ratio0.9_df437d
object,img,False,vip,bc-vip-baseline-better-weight-rerun_img_cam-agent,5,0,0.01,,1.0,1.0,libero_object_bc_vip_policy_vilt_task5_0822_0603_seed0_ratio0.9_9246ce
object,img,False,vip,bc-vip-baseline-better-weight-rerun_img_cam-agent,5,1,0.01,,0.699999988079071,0.8999999761581421,libero_object_bc_vip_policy_vilt_task5_0822_0720_seed1_ratio0.9_433c2c
object,img,False,vip,bc-vip-baseline-better-weight-rerun_img_cam-agent,5,2,0.01,,1.0,0.8999999761581421,libero_object_bc_vip_policy_vilt_task5_0822_0132_seed2_ratio0.9_f66848
object,img,False,vip,bc-vip-baseline-better-weight-rerun_img_cam-agent,5,3,0.01,,1.0,0.800000011920929,libero_object_bc_vip_policy_vilt_task5_0822_0247_seed3_ratio0.9_07537f
object,img,False,vip,bc-vip-baseline-better-weight-rerun_img_cam-agent,5,4,0.01,,0.5,1.0,libero_object_bc_vip_policy_vilt_task5_0822_0402_seed4_ratio0.9_c9cdec
object,img,False,vip,bc-vip-baseline-better-weight-rerun_img_cam-agent,6,0,0.01,,1.0,0.6000000238418579,libero_object_bc_vip_policy_vilt_task6_0822_0313_seed0_ratio0.9_a94949
object,img,False,vip,bc-vip-baseline-better-weight-rerun_img_cam-agent,6,1,0.01,,0.6000000238418579,0.0,libero_object_bc_vip_policy_vilt_task6_0822_0435_seed1_ratio0.9_48d8ad
object,img,False,vip,bc-vip-baseline-better-weight-rerun_img_cam-agent,6,2,0.01,,1.0,0.5,libero_object_bc_vip_policy_vilt_task6_0822_0559_seed2_ratio0.9_965a4e
object,img,False,vip,bc-vip-baseline-better-weight-rerun_img_cam-agent,6,3,0.01,,0.0,0.6000000238418579,libero_object_bc_vip_policy_vilt_task6_0822_0723_seed3_ratio0.9_49cef6
object,img,False,vip,bc-vip-baseline-better-weight-rerun_img_cam-agent,7,0,0.01,,0.8999999761581421,0.8999999761581421,libero_object_bc_vip_policy_vilt_task7_0822_0932_seed0_ratio0.9_d559bd
object,img,False,vip,bc-vip-baseline-better-weight-rerun_img_cam-agent,7,1,0.01,,1.0,1.0,libero_object_bc_vip_policy_vilt_task7_0822_1047_seed1_ratio0.9_2cffb0
object,img,False,vip,bc-vip-baseline-better-weight-rerun_img_cam-agent,7,2,0.01,,1.0,0.800000011920929,libero_object_bc_vip_policy_vilt_task7_0822_0514_seed2_ratio0.9_5bef93
object,img,False,vip,bc-vip-baseline-better-weight-rerun_img_cam-agent,7,3,0.01,,0.6000000238418579,1.0,libero_object_bc_vip_policy_vilt_task7_0822_0632_seed3_ratio0.9_92428f
object,img,False,vip,bc-vip-baseline-better-weight-rerun_img_cam-agent,7,4,0.01,,0.699999988079071,0.6000000238418579,libero_object_bc_vip_policy_vilt_task7_0822_0751_seed4_ratio0.9_5d54da
object,img,False,vip,bc-vip-baseline-better-weight-rerun_img_cam-agent,8,0,0.01,,1.0,1.0,libero_object_bc_vip_policy_vilt_task8_0822_0528_seed0_ratio0.9_0daea8
object,img,False,vip,bc-vip-baseline-better-weight-rerun_img_cam-agent,8,1,0.01,,1.0,0.5,libero_object_bc_vip_policy_vilt_task8_0822_0649_seed1_ratio0.9_eb006a
object,img,False,vip,bc-vip-baseline-better-weight-rerun_img_cam-agent,8,2,0.01,,0.699999988079071,0.4000000059604645,libero_object_bc_vip_policy_vilt_task8_0822_0812_seed2_ratio0.9_485c52
object,img,False,vip,bc-vip-baseline-better-weight-rerun_img_cam-agent,8,3,0.01,,0.3000000119209289,1.0,libero_object_bc_vip_policy_vilt_task8_0822_0934_seed3_ratio0.9_1d033a
object,img,False,vip,bc-vip-baseline-better-weight-rerun_img_cam-agent,9,0,0.01,,0.6000000238418579,1.0,libero_object_bc_vip_policy_vilt_task9_0822_1014_seed0_ratio0.9_0d5e8f
object,img,False,vip,bc-vip-baseline-better-weight-rerun_img_cam-agent,9,1,0.01,,0.1000000014901161,1.0,libero_object_bc_vip_policy_vilt_task9_0822_1129_seed1_ratio0.9_4ee02b
spatial,img,False,vip,bc-vip-baseline-better-weight-rerun_img_cam-agent,0,4,0.01,,0.8999999761581421,1.0,libero_spatial_bc_vip_policy_vilt_task0_0822_0605_seed4_ratio0.9_ebc13c
spatial,img,False,vip,bc-vip-baseline-better-weight-rerun_img_cam-agent,1,0,0.01,,1.0,0.699999988079071,libero_spatial_bc_vip_policy_vilt_task1_0822_0913_seed0_ratio0.9_fc8ba9
spatial,img,False,vip,bc-vip-baseline-better-weight-rerun_img_cam-agent,1,1,0.01,,0.6000000238418579,0.6000000238418579,libero_spatial_bc_vip_policy_vilt_task1_0822_1025_seed1_ratio0.9_b23f11
spatial,img,False,vip,bc-vip-baseline-better-weight-rerun_img_cam-agent,1,2,0.01,,0.5,0.800000011920929,libero_spatial_bc_vip_policy_vilt_task1_0822_0613_seed2_ratio0.9_379352
spatial,img,False,vip,bc-vip-baseline-better-weight-rerun_img_cam-agent,1,3,0.01,,0.800000011920929,0.800000011920929,libero_spatial_bc_vip_policy_vilt_task1_0822_0727_seed3_ratio0.9_de8469
spatial,img,False,vip,bc-vip-baseline-better-weight-rerun_img_cam-agent,1,4,0.01,,0.8999999761581421,0.800000011920929,libero_spatial_bc_vip_policy_vilt_task1_0822_0840_seed4_ratio0.9_29ce06
spatial,img,False,vip,bc-vip-baseline-better-weight-rerun_img_cam-agent,2,0,0.01,,0.8999999761581421,1.0,libero_spatial_bc_vip_policy_vilt_task2_0822_0637_seed0_ratio0.9_327e56
spatial,img,False,vip,bc-vip-baseline-better-weight-rerun_img_cam-agent,2,1,0.01,,0.4000000059604645,0.800000011920929,libero_spatial_bc_vip_policy_vilt_task2_0822_0741_seed1_ratio0.9_e556cd
spatial,img,False,vip,bc-vip-baseline-better-weight-rerun_img_cam-agent,2,2,0.01,,1.0,1.0,libero_spatial_bc_vip_policy_vilt_task2_0822_0847_seed2_ratio0.9_9a7c38
spatial,img,False,vip,bc-vip-baseline-better-weight-rerun_img_cam-agent,2,3,0.01,,0.8999999761581421,0.8999999761581421,libero_spatial_bc_vip_policy_vilt_task2_0822_0951_seed3_ratio0.9_c2b168
spatial,img,False,vip,bc-vip-baseline-better-weight-rerun_img_cam-agent,2,4,0.01,,1.0,0.8999999761581421,libero_spatial_bc_vip_policy_vilt_task2_0822_0648_seed4_ratio0.9_a5fda1
spatial,img,False,vip,bc-vip-baseline-better-weight-rerun_img_cam-agent,3,0,0.01,,0.1000000014901161,0.6000000238418579,libero_spatial_bc_vip_policy_vilt_task3_0822_1021_seed0_ratio0.9_3d00f6
spatial,img,False,vip,bc-vip-baseline-better-weight-rerun_img_cam-agent,3,1,0.01,,0.3000000119209289,0.6000000238418579,libero_spatial_bc_vip_policy_vilt_task3_0822_1120_seed1_ratio0.9_7d5368
spatial,img,False,vip,bc-vip-baseline-better-weight-rerun_img_cam-agent,3,2,0.01,,0.3000000119209289,0.4000000059604645,libero_spatial_bc_vip_policy_vilt_task3_0822_0652_seed2_ratio0.9_636767
spatial,img,False,vip,bc-vip-baseline-better-weight-rerun_img_cam-agent,3,3,0.01,,0.699999988079071,0.5,libero_spatial_bc_vip_policy_vilt_task3_0822_0752_seed3_ratio0.9_73721e
spatial,img,False,vip,bc-vip-baseline-better-weight-rerun_img_cam-agent,3,4,0.01,,0.6000000238418579,0.8999999761581421,libero_spatial_bc_vip_policy_vilt_task3_0822_0850_seed4_ratio0.9_a6b838
spatial,img,False,vip,bc-vip-baseline-better-weight-rerun_img_cam-agent,4,0,0.01,,0.0,0.1000000014901161,libero_spatial_bc_vip_policy_vilt_task4_0822_0707_seed0_ratio0.9_ffb2bd
spatial,img,False,vip,bc-vip-baseline-better-weight-rerun_img_cam-agent,4,1,0.01,,0.0,0.1000000014901161,libero_spatial_bc_vip_policy_vilt_task4_0822_0827_seed1_ratio0.9_739461
spatial,img,False,vip,bc-vip-baseline-better-weight-rerun_img_cam-agent,4,2,0.01,,0.1000000014901161,0.3000000119209289,libero_spatial_bc_vip_policy_vilt_task4_0822_0948_seed2_ratio0.9_0d6ab2
spatial,img,False,vip,bc-vip-baseline-better-weight-rerun_img_cam-agent,4,3,0.01,,0.0,0.0,libero_spatial_bc_vip_policy_vilt_task4_0822_1107_seed3_ratio0.9_4a2839
spatial,img,False,vip,bc-vip-baseline-better-weight-rerun_img_cam-agent,4,4,0.01,,0.0,0.0,libero_spatial_bc_vip_policy_vilt_task4_0822_0711_seed4_ratio0.9_d6e5a2
spatial,img,False,vip,bc-vip-baseline-better-weight-rerun_img_cam-agent,5,0,0.01,,0.2000000029802322,0.8999999761581421,libero_spatial_bc_vip_policy_vilt_task5_0822_1130_seed0_ratio0.9_e0e4b7
spatial,img,False,vip,bc-vip-baseline-better-weight-rerun_img_cam-agent,5,1,0.01,,0.8999999761581421,1.0,libero_spatial_bc_vip_policy_vilt_task5_0822_1234_seed1_ratio0.9_eb6e76
spatial,img,False,vip,bc-vip-baseline-better-weight-rerun_img_cam-agent,5,2,0.01,,0.2000000029802322,0.6000000238418579,libero_spatial_bc_vip_policy_vilt_task5_0822_0717_seed2_ratio0.9_a203b6
spatial,img,False,vip,bc-vip-baseline-better-weight-rerun_img_cam-agent,5,3,0.01,,1.0,0.2000000029802322,libero_spatial_bc_vip_policy_vilt_task5_0822_0823_seed3_ratio0.9_e7fdf6
spatial,img,False,vip,bc-vip-baseline-better-weight-rerun_img_cam-agent,5,4,0.01,,0.8999999761581421,0.2000000029802322,libero_spatial_bc_vip_policy_vilt_task5_0822_0927_seed4_ratio0.9_07c161
spatial,img,False,vip,bc-vip-baseline-better-weight-rerun_img_cam-agent,6,0,0.01,,0.5,0.800000011920929,libero_spatial_bc_vip_policy_vilt_task6_0822_0721_seed0_ratio0.9_48cfc5
spatial,img,False,vip,bc-vip-baseline-better-weight-rerun_img_cam-agent,6,1,0.01,,0.8999999761581421,1.0,libero_spatial_bc_vip_policy_vilt_task6_0822_0830_seed1_ratio0.9_d2e9e8
spatial,img,False,vip,bc-vip-baseline-better-weight-rerun_img_cam-agent,6,2,0.01,,1.0,1.0,libero_spatial_bc_vip_policy_vilt_task6_0822_0938_seed2_ratio0.9_c25df7
spatial,img,False,vip,bc-vip-baseline-better-weight-rerun_img_cam-agent,6,3,0.01,,0.800000011920929,0.699999988079071,libero_spatial_bc_vip_policy_vilt_task6_0822_1045_seed3_ratio0.9_6ee5a4
spatial,img,False,vip,bc-vip-baseline-better-weight-rerun_img_cam-agent,6,4,0.01,,0.8999999761581421,0.3000000119209289,libero_spatial_bc_vip_policy_vilt_task6_0822_0722_seed4_ratio0.9_a9b0cd
spatial,img,False,vip,bc-vip-baseline-better-weight-rerun_img_cam-agent,7,0,0.01,,0.8999999761581421,1.0,libero_spatial_bc_vip_policy_vilt_task7_0822_1117_seed0_ratio0.9_dc4ed4
spatial,img,False,vip,bc-vip-baseline-better-weight-rerun_img_cam-agent,7,1,0.01,,0.8999999761581421,0.5,libero_spatial_bc_vip_policy_vilt_task7_0822_1236_seed1_ratio0.9_2f29ce
spatial,img,False,vip,bc-vip-baseline-better-weight-rerun_img_cam-agent,7,2,0.01,,0.800000011920929,0.8999999761581421,libero_spatial_bc_vip_policy_vilt_task7_0822_0735_seed2_ratio0.9_56aae5
spatial,img,False,vip,bc-vip-baseline-better-weight-rerun_img_cam-agent,7,3,0.01,,0.1000000014901161,0.6000000238418579,libero_spatial_bc_vip_policy_vilt_task7_0822_0852_seed3_ratio0.9_077868
spatial,img,False,vip,bc-vip-baseline-better-weight-rerun_img_cam-agent,7,4,0.01,,0.4000000059604645,0.4000000059604645,libero_spatial_bc_vip_policy_vilt_task7_0822_1009_seed4_ratio0.9_704727
spatial,img,False,vip,bc-vip-baseline-better-weight-rerun_img_cam-agent,8,0,0.01,,0.4000000059604645,0.6000000238418579,libero_spatial_bc_vip_policy_vilt_task8_0822_0815_seed0_ratio0.9_a14cf1
spatial,img,False,vip,bc-vip-baseline-better-weight-rerun_img_cam-agent,8,1,0.01,,0.4000000059604645,0.5,libero_spatial_bc_vip_policy_vilt_task8_0822_0921_seed1_ratio0.9_8f6be6
spatial,img,False,vip,bc-vip-baseline-better-weight-rerun_img_cam-agent,8,2,0.01,,0.4000000059604645,0.4000000059604645,libero_spatial_bc_vip_policy_vilt_task8_0822_1027_seed2_ratio0.9_2d09f2
spatial,img,False,vip,bc-vip-baseline-better-weight-rerun_img_cam-agent,8,3,0.01,,0.3000000119209289,0.8999999761581421,libero_spatial_bc_vip_policy_vilt_task8_0822_1133_seed3_ratio0.9_40c6a9
spatial,img,False,vip,bc-vip-baseline-better-weight-rerun_img_cam-agent,8,4,0.01,,0.8999999761581421,0.699999988079071,libero_spatial_bc_vip_policy_vilt_task8_0822_0827_seed4_ratio0.9_93e572
spatial,img,False,vip,bc-vip-baseline-better-weight-rerun_img_cam-agent,9,0,0.01,,0.0,0.1000000014901161,libero_spatial_bc_vip_policy_vilt_task9_0822_1200_seed0_ratio0.9_2822a2
spatial,img,False,vip,bc-vip-baseline-better-weight-rerun_img_cam-agent,9,1,0.01,,0.2000000029802322,0.1000000014901161,libero_spatial_bc_vip_policy_vilt_task9_0822_1314_seed1_ratio0.9_d62589
spatial,img,False,vip,bc-vip-baseline-better-weight-rerun_img_cam-agent,9,2,0.01,,0.0,0.0,libero_spatial_bc_vip_policy_vilt_task9_0822_0838_seed2_ratio0.9_bf1ae4
spatial,img,False,vip,bc-vip-baseline-better-weight-rerun_img_cam-agent,9,3,0.01,,0.0,0.1000000014901161,libero_spatial_bc_vip_policy_vilt_task9_0822_1015_seed3_ratio0.9_c01708
spatial,img,False,vip,bc-vip-baseline-better-weight-rerun_img_cam-agent,9,4,0.01,,0.1000000014901161,0.3000000119209289,libero_spatial_bc_vip_policy_vilt_task9_0822_1150_seed4_ratio0.9_0e1772
goal,img,True,vip,bc-vip-baseline-better-weight-rerun_img_cam-agent_distract,0,0,0.01,,0.699999988079071,0.699999988079071,libero_goal_bc_vip_policy_vilt_task0_0822_0249_seed0_ratio0.9_7fff9a
goal,img,True,vip,bc-vip-baseline-better-weight-rerun_img_cam-agent_distract,0,1,0.01,,0.699999988079071,0.699999988079071,libero_goal_bc_vip_policy_vilt_task0_0822_0454_seed1_ratio0.9_7b0c65
goal,img,True,vip,bc-vip-baseline-better-weight-rerun_img_cam-agent_distract,0,2,0.01,,0.5,0.5,libero_goal_bc_vip_policy_vilt_task0_0822_0658_seed2_ratio0.9_04041e
goal,img,True,vip,bc-vip-baseline-better-weight-rerun_img_cam-agent_distract,0,3,0.01,,0.699999988079071,0.699999988079071,libero_goal_bc_vip_policy_vilt_task0_0822_0125_seed3_ratio0.9_d8f9c9
goal,img,True,vip,bc-vip-baseline-better-weight-rerun_img_cam-agent_distract,0,4,0.01,,0.800000011920929,0.800000011920929,libero_goal_bc_vip_policy_vilt_task0_0822_0349_seed4_ratio0.9_c9fb70
goal,img,True,vip,bc-vip-baseline-better-weight-rerun_img_cam-agent_distract,1,0,0.01,,1.0,1.0,libero_goal_bc_vip_policy_vilt_task1_0822_0412_seed0_ratio0.9_34634c
goal,img,True,vip,bc-vip-baseline-better-weight-rerun_img_cam-agent_distract,1,1,0.01,,0.800000011920929,0.800000011920929,libero_goal_bc_vip_policy_vilt_task1_0822_0125_seed1_ratio0.9_1d9879
goal,img,True,vip,bc-vip-baseline-better-weight-rerun_img_cam-agent_distract,1,2,0.01,,1.0,1.0,libero_goal_bc_vip_policy_vilt_task1_0822_0257_seed2_ratio0.9_d35879
goal,img,True,vip,bc-vip-baseline-better-weight-rerun_img_cam-agent_distract,1,3,0.01,,1.0,1.0,libero_goal_bc_vip_policy_vilt_task1_0822_0425_seed3_ratio0.9_8c746a
goal,img,True,vip,bc-vip-baseline-better-weight-rerun_img_cam-agent_distract,1,4,0.01,,0.800000011920929,0.800000011920929,libero_goal_bc_vip_policy_vilt_task1_0822_0555_seed4_ratio0.9_a5a111
goal,img,True,vip,bc-vip-baseline-better-weight-rerun_img_cam-agent_distract,2,0,0.01,,0.2000000029802322,0.2000000029802322,libero_goal_bc_vip_policy_vilt_task2_0822_0225_seed0_ratio0.9_83625f
goal,img,True,vip,bc-vip-baseline-better-weight-rerun_img_cam-agent_distract,2,1,0.01,,0.800000011920929,0.800000011920929,libero_goal_bc_vip_policy_vilt_task2_0822_0401_seed1_ratio0.9_2d1b0b
goal,img,True,vip,bc-vip-baseline-better-weight-rerun_img_cam-agent_distract,2,2,0.01,,0.2000000029802322,0.2000000029802322,libero_goal_bc_vip_policy_vilt_task2_0822_0539_seed2_ratio0.9_fb4c3d
goal,img,True,vip,bc-vip-baseline-better-weight-rerun_img_cam-agent_distract,2,3,0.01,,0.800000011920929,0.800000011920929,libero_goal_bc_vip_policy_vilt_task2_0822_0132_seed3_ratio0.9_e31971
goal,img,True,vip,bc-vip-baseline-better-weight-rerun_img_cam-agent_distract,3,0,0.01,,0.6000000238418579,0.6000000238418579,libero_goal_bc_vip_policy_vilt_task3_0822_0653_seed0_ratio0.9_7f9516
goal,img,True,vip,bc-vip-baseline-better-weight-rerun_img_cam-agent_distract,3,1,0.01,,0.1000000014901161,0.1000000014901161,libero_goal_bc_vip_policy_vilt_task3_0822_0132_seed1_ratio0.9_84bd26
goal,img,True,vip,bc-vip-baseline-better-weight-rerun_img_cam-agent_distract,3,2,0.01,,0.2000000029802322,0.2000000029802322,libero_goal_bc_vip_policy_vilt_task3_0822_0425_seed2_ratio0.9_76c32e
goal,img,True,vip,bc-vip-baseline-better-weight-rerun_img_cam-agent_distract,3,3,0.01,,0.3000000119209289,0.3000000119209289,libero_goal_bc_vip_policy_vilt_task3_0822_0720_seed3_ratio0.9_b8b1ad
goal,img,True,vip,bc-vip-baseline-better-weight-rerun_img_cam-agent_distract,3,4,0.01,,0.2000000029802322,0.2000000029802322,libero_goal_bc_vip_policy_vilt_task3_0822_1013_seed4_ratio0.9_9cd916
goal,img,True,vip,bc-vip-baseline-better-weight-rerun_img_cam-agent_distract,4,0,0.01,,0.6000000238418579,0.6000000238418579,libero_goal_bc_vip_policy_vilt_task4_0822_0222_seed0_ratio0.9_24a220
goal,img,True,vip,bc-vip-baseline-better-weight-rerun_img_cam-agent_distract,4,1,0.01,,0.800000011920929,0.800000011920929,libero_goal_bc_vip_policy_vilt_task4_0822_0352_seed1_ratio0.9_6f8b53
goal,img,True,vip,bc-vip-baseline-better-weight-rerun_img_cam-agent_distract,4,2,0.01,,0.6000000238418579,0.6000000238418579,libero_goal_bc_vip_policy_vilt_task4_0822_0522_seed2_ratio0.9_5bfd3e
goal,img,True,vip,bc-vip-baseline-better-weight-rerun_img_cam-agent_distract,4,3,0.01,,0.4000000059604645,0.4000000059604645,libero_goal_bc_vip_policy_vilt_task4_0822_0125_seed3_ratio0.9_336f1f
goal,img,True,vip,bc-vip-baseline-better-weight-rerun_img_cam-agent_distract,4,4,0.01,,0.4000000059604645,0.4000000059604645,libero_goal_bc_vip_policy_vilt_task4_0822_0256_seed4_ratio0.9_031125
goal,img,True,vip,bc-vip-baseline-better-weight-rerun_img_cam-agent_distract,5,0,0.01,,0.5,0.5,libero_goal_bc_vip_policy_vilt_task5_0822_0525_seed0_ratio0.9_d53d9a
goal,img,True,vip,bc-vip-baseline-better-weight-rerun_img_cam-agent_distract,5,1,0.01,,0.5,0.5,libero_goal_bc_vip_policy_vilt_task5_0822_0125_seed1_ratio0.9_e95aaf
goal,img,True,vip,bc-vip-baseline-better-weight-rerun_img_cam-agent_distract,5,2,0.01,,0.4000000059604645,0.4000000059604645,libero_goal_bc_vip_policy_vilt_task5_0822_0336_seed2_ratio0.9_7de898
goal,img,True,vip,bc-vip-baseline-better-weight-rerun_img_cam-agent_distract,5,3,0.01,,0.6000000238418579,0.6000000238418579,libero_goal_bc_vip_policy_vilt_task5_0822_0548_seed3_ratio0.9_12e22e
goal,img,True,vip,bc-vip-baseline-better-weight-rerun_img_cam-agent_distract,5,4,0.01,,0.6000000238418579,0.6000000238418579,libero_goal_bc_vip_policy_vilt_task5_0822_0759_seed4_ratio0.9_143b58
goal,img,True,vip,bc-vip-baseline-better-weight-rerun_img_cam-agent_distract,6,0,0.01,,0.4000000059604645,0.4000000059604645,libero_goal_bc_vip_policy_vilt_task6_0822_0230_seed0_ratio0.9_7f80db
goal,img,True,vip,bc-vip-baseline-better-weight-rerun_img_cam-agent_distract,6,1,0.01,,0.800000011920929,0.800000011920929,libero_goal_bc_vip_policy_vilt_task6_0822_0404_seed1_ratio0.9_731577
goal,img,True,vip,bc-vip-baseline-better-weight-rerun_img_cam-agent_distract,6,2,0.01,,1.0,1.0,libero_goal_bc_vip_policy_vilt_task6_0822_0539_seed2_ratio0.9_ba1896
goal,img,True,vip,bc-vip-baseline-better-weight-rerun_img_cam-agent_distract,6,3,0.01,,0.5,0.5,libero_goal_bc_vip_policy_vilt_task6_0822_0132_seed3_ratio0.9_f7b70a
goal,img,True,vip,bc-vip-baseline-better-weight-rerun_img_cam-agent_distract,6,4,0.01,,1.0,1.0,libero_goal_bc_vip_policy_vilt_task6_0822_0307_seed4_ratio0.9_f0976d
goal,img,True,vip,bc-vip-baseline-better-weight-rerun_img_cam-agent_distract,7,0,0.01,,0.8999999761581421,0.8999999761581421,libero_goal_bc_vip_policy_vilt_task7_0822_0353_seed0_ratio0.9_987680
goal,img,True,vip,bc-vip-baseline-better-weight-rerun_img_cam-agent_distract,7,1,0.01,,1.0,1.0,libero_goal_bc_vip_policy_vilt_task7_0822_0132_seed1_ratio0.9_ae13d8
goal,img,True,vip,bc-vip-baseline-better-weight-rerun_img_cam-agent_distract,7,2,0.01,,1.0,1.0,libero_goal_bc_vip_policy_vilt_task7_0822_0250_seed2_ratio0.9_24d663
goal,img,True,vip,bc-vip-baseline-better-weight-rerun_img_cam-agent_distract,7,3,0.01,,1.0,1.0,libero_goal_bc_vip_policy_vilt_task7_0822_0408_seed3_ratio0.9_74c6cf
goal,img,True,vip,bc-vip-baseline-better-weight-rerun_img_cam-agent_distract,7,4,0.01,,1.0,1.0,libero_goal_bc_vip_policy_vilt_task7_0822_0526_seed4_ratio0.9_4d27e6
goal,img,True,vip,bc-vip-baseline-better-weight-rerun_img_cam-agent_distract,8,0,0.01,,0.6000000238418579,0.6000000238418579,libero_goal_bc_vip_policy_vilt_task8_0822_0224_seed0_ratio0.9_01291f
goal,img,True,vip,bc-vip-baseline-better-weight-rerun_img_cam-agent_distract,8,1,0.01,,1.0,1.0,libero_goal_bc_vip_policy_vilt_task8_0822_0350_seed1_ratio0.9_3df525
goal,img,True,vip,bc-vip-baseline-better-weight-rerun_img_cam-agent_distract,8,2,0.01,,0.6000000238418579,0.6000000238418579,libero_goal_bc_vip_policy_vilt_task8_0822_0512_seed2_ratio0.9_0c395b
goal,img,True,vip,bc-vip-baseline-better-weight-rerun_img_cam-agent_distract,8,3,0.01,,0.5,0.5,libero_goal_bc_vip_policy_vilt_task8_0822_0132_seed3_ratio0.9_06136b
goal,img,True,vip,bc-vip-baseline-better-weight-rerun_img_cam-agent_distract,8,4,0.01,,0.5,0.5,libero_goal_bc_vip_policy_vilt_task8_0822_0257_seed4_ratio0.9_cfb6fa
goal,img,True,vip,bc-vip-baseline-better-weight-rerun_img_cam-agent_distract,9,0,0.01,,0.1000000014901161,0.1000000014901161,libero_goal_bc_vip_policy_vilt_task9_0822_0602_seed0_ratio0.9_705d9b
goal,img,True,vip,bc-vip-baseline-better-weight-rerun_img_cam-agent_distract,9,1,0.01,,0.2000000029802322,0.2000000029802322,libero_goal_bc_vip_policy_vilt_task9_0822_0132_seed1_ratio0.9_b2fff9
goal,img,True,vip,bc-vip-baseline-better-weight-rerun_img_cam-agent_distract,9,2,0.01,,0.1000000014901161,0.1000000014901161,libero_goal_bc_vip_policy_vilt_task9_0822_0359_seed2_ratio0.9_053935
goal,img,True,vip,bc-vip-baseline-better-weight-rerun_img_cam-agent_distract,9,3,0.01,,0.3000000119209289,0.3000000119209289,libero_goal_bc_vip_policy_vilt_task9_0822_0626_seed3_ratio0.9_857484
goal,img,True,vip,bc-vip-baseline-better-weight-rerun_img_cam-agent_distract,9,4,0.01,,0.0,0.0,libero_goal_bc_vip_policy_vilt_task9_0822_0853_seed4_ratio0.9_1d0df6
object,img,True,vip,bc-vip-baseline-better-weight-rerun_img_cam-agent_distract,0,0,0.01,,0.5,0.5,libero_object_bc_vip_policy_vilt_task0_0822_0250_seed0_ratio0.9_14eb08
object,img,True,vip,bc-vip-baseline-better-weight-rerun_img_cam-agent_distract,0,1,0.01,,0.699999988079071,0.699999988079071,libero_object_bc_vip_policy_vilt_task0_0822_0459_seed1_ratio0.9_29eb21
object,img,True,vip,bc-vip-baseline-better-weight-rerun_img_cam-agent_distract,0,2,0.01,,0.3000000119209289,0.3000000119209289,libero_object_bc_vip_policy_vilt_task0_0822_0707_seed2_ratio0.9_40791a
object,img,True,vip,bc-vip-baseline-better-weight-rerun_img_cam-agent_distract,0,3,0.01,,0.699999988079071,0.699999988079071,libero_object_bc_vip_policy_vilt_task0_0822_0132_seed3_ratio0.9_8bf7ae
object,img,True,vip,bc-vip-baseline-better-weight-rerun_img_cam-agent_distract,0,4,0.01,,0.699999988079071,0.699999988079071,libero_object_bc_vip_policy_vilt_task0_0822_0340_seed4_ratio0.9_cd8dad
object,img,True,vip,bc-vip-baseline-better-weight-rerun_img_cam-agent_distract,1,0,0.01,,0.4000000059604645,0.4000000059604645,libero_object_bc_vip_policy_vilt_task1_0822_0511_seed0_ratio0.9_c95a23
object,img,True,vip,bc-vip-baseline-better-weight-rerun_img_cam-agent_distract,1,1,0.01,,1.0,1.0,libero_object_bc_vip_policy_vilt_task1_0822_0132_seed1_ratio0.9_120ff3
object,img,True,vip,bc-vip-baseline-better-weight-rerun_img_cam-agent_distract,1,2,0.01,,0.2000000029802322,0.2000000029802322,libero_object_bc_vip_policy_vilt_task1_0822_0331_seed2_ratio0.9_7c6e6f
object,img,True,vip,bc-vip-baseline-better-weight-rerun_img_cam-agent_distract,1,3,0.01,,0.0,0.0,libero_object_bc_vip_policy_vilt_task1_0822_0531_seed3_ratio0.9_34b9a5
object,img,True,vip,bc-vip-baseline-better-weight-rerun_img_cam-agent_distract,1,4,0.01,,0.0,0.0,libero_object_bc_vip_policy_vilt_task1_0822_0731_seed4_ratio0.9_8f5145
object,img,True,vip,bc-vip-baseline-better-weight-rerun_img_cam-agent_distract,2,0,0.01,,0.3000000119209289,0.3000000119209289,libero_object_bc_vip_policy_vilt_task2_0822_0243_seed0_ratio0.9_e16fb8
object,img,True,vip,bc-vip-baseline-better-weight-rerun_img_cam-agent_distract,2,1,0.01,,0.2000000029802322,0.2000000029802322,libero_object_bc_vip_policy_vilt_task2_0822_0438_seed1_ratio0.9_1bb56e
object,img,True,vip,bc-vip-baseline-better-weight-rerun_img_cam-agent_distract,2,2,0.01,,0.699999988079071,0.699999988079071,libero_object_bc_vip_policy_vilt_task2_0822_0633_seed2_ratio0.9_9c6696
object,img,True,vip,bc-vip-baseline-better-weight-rerun_img_cam-agent_distract,2,3,0.01,,0.6000000238418579,0.6000000238418579,libero_object_bc_vip_policy_vilt_task2_0822_0132_seed3_ratio0.9_d64c63
object,img,True,vip,bc-vip-baseline-better-weight-rerun_img_cam-agent_distract,2,4,0.01,,0.3000000119209289,0.3000000119209289,libero_object_bc_vip_policy_vilt_task2_0822_0325_seed4_ratio0.9_c3aa69
object,img,True,vip,bc-vip-baseline-better-weight-rerun_img_cam-agent_distract,3,0,0.01,,0.6000000238418579,0.6000000238418579,libero_object_bc_vip_policy_vilt_task3_0822_0515_seed0_ratio0.9_a6e7b6
object,img,True,vip,bc-vip-baseline-better-weight-rerun_img_cam-agent_distract,3,1,0.01,,0.800000011920929,0.800000011920929,libero_object_bc_vip_policy_vilt_task3_0822_0132_seed1_ratio0.9_7bf6c2
object,img,True,vip,bc-vip-baseline-better-weight-rerun_img_cam-agent_distract,3,2,0.01,,0.800000011920929,0.800000011920929,libero_object_bc_vip_policy_vilt_task3_0822_0333_seed2_ratio0.9_4cfdf8
object,img,True,vip,bc-vip-baseline-better-weight-rerun_img_cam-agent_distract,3,3,0.01,,0.8999999761581421,0.8999999761581421,libero_object_bc_vip_policy_vilt_task3_0822_0535_seed3_ratio0.9_ab0b2a
object,img,True,vip,bc-vip-baseline-better-weight-rerun_img_cam-agent_distract,3,4,0.01,,0.3000000119209289,0.3000000119209289,libero_object_bc_vip_policy_vilt_task3_0822_0737_seed4_ratio0.9_ffa403
object,img,True,vip,bc-vip-baseline-better-weight-rerun_img_cam-agent_distract,4,0,0.01,,0.6000000238418579,0.6000000238418579,libero_object_bc_vip_policy_vilt_task4_0822_0252_seed0_ratio0.9_1e226f
object,img,True,vip,bc-vip-baseline-better-weight-rerun_img_cam-agent_distract,4,1,0.01,,0.699999988079071,0.699999988079071,libero_object_bc_vip_policy_vilt_task4_0822_0504_seed1_ratio0.9_9473ec
object,img,True,vip,bc-vip-baseline-better-weight-rerun_img_cam-agent_distract,4,2,0.01,,0.3000000119209289,0.3000000119209289,libero_object_bc_vip_policy_vilt_task4_0822_0716_seed2_ratio0.9_aed784
object,img,True,vip,bc-vip-baseline-better-weight-rerun_img_cam-agent_distract,4,3,0.01,,0.6000000238418579,0.6000000238418579,libero_object_bc_vip_policy_vilt_task4_0822_0132_seed3_ratio0.9_0cbae5
object,img,True,vip,bc-vip-baseline-better-weight-rerun_img_cam-agent_distract,4,4,0.01,,0.800000011920929,0.800000011920929,libero_object_bc_vip_policy_vilt_task4_0822_0347_seed4_ratio0.9_72aca5
object,img,True,vip,bc-vip-baseline-better-weight-rerun_img_cam-agent_distract,5,0,0.01,,0.800000011920929,0.800000011920929,libero_object_bc_vip_policy_vilt_task5_0822_0517_seed0_ratio0.9_a03b8e
object,img,True,vip,bc-vip-baseline-better-weight-rerun_img_cam-agent_distract,5,1,0.01,,0.4000000059604645,0.4000000059604645,libero_object_bc_vip_policy_vilt_task5_0822_0132_seed1_ratio0.9_e3e240
object,img,True,vip,bc-vip-baseline-better-weight-rerun_img_cam-agent_distract,5,2,0.01,,0.800000011920929,0.800000011920929,libero_object_bc_vip_policy_vilt_task5_0822_0338_seed2_ratio0.9_f521f7
object,img,True,vip,bc-vip-baseline-better-weight-rerun_img_cam-agent_distract,5,3,0.01,,0.800000011920929,0.800000011920929,libero_object_bc_vip_policy_vilt_task5_0822_0543_seed3_ratio0.9_e878f5
object,img,True,vip,bc-vip-baseline-better-weight-rerun_img_cam-agent_distract,5,4,0.01,,0.800000011920929,0.800000011920929,libero_object_bc_vip_policy_vilt_task5_0822_0748_seed4_ratio0.9_64c916
object,img,True,vip,bc-vip-baseline-better-weight-rerun_img_cam-agent_distract,6,3,0.01,,0.6000000238418579,0.6000000238418579,libero_object_bc_vip_policy_vilt_task6_0822_0511_seed3_ratio0.9_608a77
object,img,True,vip,bc-vip-baseline-better-weight-rerun_img_cam-agent_distract,6,4,0.01,,0.3000000119209289,0.3000000119209289,libero_object_bc_vip_policy_vilt_task6_0822_0721_seed4_ratio0.9_c37fa1
object,img,True,vip,bc-vip-baseline-better-weight-rerun_img_cam-agent_distract,7,0,0.01,,0.8999999761581421,0.8999999761581421,libero_object_bc_vip_policy_vilt_task7_0822_0911_seed0_ratio0.9_161f6f
object,img,True,vip,bc-vip-baseline-better-weight-rerun_img_cam-agent_distract,7,1,0.01,,0.6000000238418579,0.6000000238418579,libero_object_bc_vip_policy_vilt_task7_0822_0520_seed1_ratio0.9_9cc0b6
object,img,True,vip,bc-vip-baseline-better-weight-rerun_img_cam-agent_distract,7,2,0.01,,0.699999988079071,0.699999988079071,libero_object_bc_vip_policy_vilt_task7_0822_0722_seed2_ratio0.9_d5cae3
object,img,True,vip,bc-vip-baseline-better-weight-rerun_img_cam-agent_distract,7,3,0.01,,0.8999999761581421,0.8999999761581421,libero_object_bc_vip_policy_vilt_task7_0822_0923_seed3_ratio0.9_2e49ea
object,img,True,vip,bc-vip-baseline-better-weight-rerun_img_cam-agent_distract,7,4,0.01,,0.4000000059604645,0.4000000059604645,libero_object_bc_vip_policy_vilt_task7_0822_1127_seed4_ratio0.9_9fb17d
object,img,True,vip,bc-vip-baseline-better-weight-rerun_img_cam-agent_distract,8,3,0.01,,0.1000000014901161,0.1000000014901161,libero_object_bc_vip_policy_vilt_task8_0822_0541_seed3_ratio0.9_e058d5
object,img,True,vip,bc-vip-baseline-better-weight-rerun_img_cam-agent_distract,8,4,0.01,,0.699999988079071,0.699999988079071,libero_object_bc_vip_policy_vilt_task8_0822_0756_seed4_ratio0.9_430040
spatial,img,True,vip,bc-vip-baseline-better-weight-rerun_img_cam-agent_distract,0,0,0.01,,0.8999999761581421,0.8999999761581421,libero_spatial_bc_vip_policy_vilt_task0_0822_0705_seed0_ratio0.9_3aee9e
spatial,img,True,vip,bc-vip-baseline-better-weight-rerun_img_cam-agent_distract,0,1,0.01,,0.6000000238418579,0.6000000238418579,libero_spatial_bc_vip_policy_vilt_task0_0822_0844_seed1_ratio0.9_7f7962
spatial,img,True,vip,bc-vip-baseline-better-weight-rerun_img_cam-agent_distract,0,2,0.01,,0.6000000238418579,0.6000000238418579,libero_spatial_bc_vip_policy_vilt_task0_0822_1024_seed2_ratio0.9_242b1b
spatial,img,True,vip,bc-vip-baseline-better-weight-rerun_img_cam-agent_distract,0,3,0.01,,0.699999988079071,0.699999988079071,libero_spatial_bc_vip_policy_vilt_task0_0822_0606_seed3_ratio0.9_71fadd
spatial,img,True,vip,bc-vip-baseline-better-weight-rerun_img_cam-agent_distract,0,4,0.01,,0.6000000238418579,0.6000000238418579,libero_spatial_bc_vip_policy_vilt_task0_0822_0739_seed4_ratio0.9_643ad1
spatial,img,True,vip,bc-vip-baseline-better-weight-rerun_img_cam-agent_distract,1,0,0.01,,0.800000011920929,0.800000011920929,libero_spatial_bc_vip_policy_vilt_task1_0822_0953_seed0_ratio0.9_75b824
spatial,img,True,vip,bc-vip-baseline-better-weight-rerun_img_cam-agent_distract,1,1,0.01,,0.2000000029802322,0.2000000029802322,libero_spatial_bc_vip_policy_vilt_task1_0822_0635_seed1_ratio0.9_b91ff6
spatial,img,True,vip,bc-vip-baseline-better-weight-rerun_img_cam-agent_distract,1,2,0.01,,0.800000011920929,0.800000011920929,libero_spatial_bc_vip_policy_vilt_task1_0822_0833_seed2_ratio0.9_679f02
spatial,img,True,vip,bc-vip-baseline-better-weight-rerun_img_cam-agent_distract,1,3,0.01,,0.4000000059604645,0.4000000059604645,libero_spatial_bc_vip_policy_vilt_task1_0822_1034_seed3_ratio0.9_3f7c07
spatial,img,True,vip,bc-vip-baseline-better-weight-rerun_img_cam-agent_distract,1,4,0.01,,0.2000000029802322,0.2000000029802322,libero_spatial_bc_vip_policy_vilt_task1_0822_1234_seed4_ratio0.9_0c64fa
spatial,img,True,vip,bc-vip-baseline-better-weight-rerun_img_cam-agent_distract,2,0,0.01,,0.5,0.5,libero_spatial_bc_vip_policy_vilt_task2_0822_0752_seed0_ratio0.9_619496
spatial,img,True,vip,bc-vip-baseline-better-weight-rerun_img_cam-agent_distract,2,1,0.01,,1.0,1.0,libero_spatial_bc_vip_policy_vilt_task2_0822_0938_seed1_ratio0.9_fb8f62
spatial,img,True,vip,bc-vip-baseline-better-weight-rerun_img_cam-agent_distract,2,2,0.01,,1.0,1.0,libero_spatial_bc_vip_policy_vilt_task2_0822_1123_seed2_ratio0.9_a083c6
spatial,img,True,vip,bc-vip-baseline-better-weight-rerun_img_cam-agent_distract,2,3,0.01,,0.6000000238418579,0.6000000238418579,libero_spatial_bc_vip_policy_vilt_task2_0822_0651_seed3_ratio0.9_a41698
spatial,img,True,vip,bc-vip-baseline-better-weight-rerun_img_cam-agent_distract,2,4,0.01,,0.699999988079071,0.699999988079071,libero_spatial_bc_vip_policy_vilt_task2_0822_0836_seed4_ratio0.9_5c53b4
spatial,img,True,vip,bc-vip-baseline-better-weight-rerun_img_cam-agent_distract,3,0,0.01,,0.6000000238418579,0.6000000238418579,libero_spatial_bc_vip_policy_vilt_task3_0822_0951_seed0_ratio0.9_4cc9e6
spatial,img,True,vip,bc-vip-baseline-better-weight-rerun_img_cam-agent_distract,3,1,0.01,,0.6000000238418579,0.6000000238418579,libero_spatial_bc_vip_policy_vilt_task3_0822_0652_seed1_ratio0.9_e57e59
spatial,img,True,vip,bc-vip-baseline-better-weight-rerun_img_cam-agent_distract,3,2,0.01,,0.4000000059604645,0.4000000059604645,libero_spatial_bc_vip_policy_vilt_task3_0822_0824_seed2_ratio0.9_4464f8
spatial,img,True,vip,bc-vip-baseline-better-weight-rerun_img_cam-agent_distract,3,3,0.01,,0.5,0.5,libero_spatial_bc_vip_policy_vilt_task3_0822_0957_seed3_ratio0.9_58d578
spatial,img,True,vip,bc-vip-baseline-better-weight-rerun_img_cam-agent_distract,3,4,0.01,,0.699999988079071,0.699999988079071,libero_spatial_bc_vip_policy_vilt_task3_0822_1130_seed4_ratio0.9_f51e25
spatial,img,True,vip,bc-vip-baseline-better-weight-rerun_img_cam-agent_distract,4,0,0.01,,0.0,0.0,libero_spatial_bc_vip_policy_vilt_task4_0822_0832_seed0_ratio0.9_49634e
spatial,img,True,vip,bc-vip-baseline-better-weight-rerun_img_cam-agent_distract,4,1,0.01,,0.0,0.0,libero_spatial_bc_vip_policy_vilt_task4_0822_1041_seed1_ratio0.9_13d7d8
spatial,img,True,vip,bc-vip-baseline-better-weight-rerun_img_cam-agent_distract,4,2,0.01,,0.0,0.0,libero_spatial_bc_vip_policy_vilt_task4_0822_1249_seed2_ratio0.9_2b75e8
spatial,img,True,vip,bc-vip-baseline-better-weight-rerun_img_cam-agent_distract,4,3,0.01,,0.0,0.0,libero_spatial_bc_vip_policy_vilt_task4_0822_0712_seed3_ratio0.9_541afe
spatial,img,True,vip,bc-vip-baseline-better-weight-rerun_img_cam-agent_distract,4,4,0.01,,0.0,0.0,libero_spatial_bc_vip_policy_vilt_task4_0822_0921_seed4_ratio0.9_2be056
spatial,img,True,vip,bc-vip-baseline-better-weight-rerun_img_cam-agent_distract,5,0,0.01,,0.3000000119209289,0.3000000119209289,libero_spatial_bc_vip_policy_vilt_task5_0822_1033_seed0_ratio0.9_f18e53
spatial,img,True,vip,bc-vip-baseline-better-weight-rerun_img_cam-agent_distract,5,1,0.01,,0.6000000238418579,0.6000000238418579,libero_spatial_bc_vip_policy_vilt_task5_0822_0719_seed1_ratio0.9_b8d4ff
spatial,img,True,vip,bc-vip-baseline-better-weight-rerun_img_cam-agent_distract,5,2,0.01,,0.0,0.0,libero_spatial_bc_vip_policy_vilt_task5_0822_0909_seed2_ratio0.9_17717c
spatial,img,True,vip,bc-vip-baseline-better-weight-rerun_img_cam-agent_distract,5,3,0.01,,0.0,0.0,libero_spatial_bc_vip_policy_vilt_task5_0822_1058_seed3_ratio0.9_72ebd4
spatial,img,True,vip,bc-vip-baseline-better-weight-rerun_img_cam-agent_distract,5,4,0.01,,0.3000000119209289,0.3000000119209289,libero_spatial_bc_vip_policy_vilt_task5_0822_1246_seed4_ratio0.9_04648c
spatial,img,True,vip,bc-vip-baseline-better-weight-rerun_img_cam-agent_distract,6,0,0.01,,0.6000000238418579,0.6000000238418579,libero_spatial_bc_vip_policy_vilt_task6_0822_0830_seed0_ratio0.9_9ef9fa
spatial,img,True,vip,bc-vip-baseline-better-weight-rerun_img_cam-agent_distract,6,1,0.01,,0.699999988079071,0.699999988079071,libero_spatial_bc_vip_policy_vilt_task6_0822_1023_seed1_ratio0.9_e60dba
spatial,img,True,vip,bc-vip-baseline-better-weight-rerun_img_cam-agent_distract,6,2,0.01,,0.699999988079071,0.699999988079071,libero_spatial_bc_vip_policy_vilt_task6_0822_1215_seed2_ratio0.9_d621f0
spatial,img,True,vip,bc-vip-baseline-better-weight-rerun_img_cam-agent_distract,6,3,0.01,,0.8999999761581421,0.8999999761581421,libero_spatial_bc_vip_policy_vilt_task6_0822_0727_seed3_ratio0.9_268a29
spatial,img,True,vip,bc-vip-baseline-better-weight-rerun_img_cam-agent_distract,6,4,0.01,,0.699999988079071,0.699999988079071,libero_spatial_bc_vip_policy_vilt_task6_0822_0922_seed4_ratio0.9_a422c2
spatial,img,True,vip,bc-vip-baseline-better-weight-rerun_img_cam-agent_distract,7,0,0.01,,0.2000000029802322,0.2000000029802322,libero_spatial_bc_vip_policy_vilt_task7_0822_1126_seed0_ratio0.9_936b6d
spatial,img,True,vip,bc-vip-baseline-better-weight-rerun_img_cam-agent_distract,7,1,0.01,,0.699999988079071,0.699999988079071,libero_spatial_bc_vip_policy_vilt_task7_0822_0746_seed1_ratio0.9_149500
spatial,img,True,vip,bc-vip-baseline-better-weight-rerun_img_cam-agent_distract,7,2,0.01,,0.5,0.5,libero_spatial_bc_vip_policy_vilt_task7_0822_0950_seed2_ratio0.9_986559
spatial,img,True,vip,bc-vip-baseline-better-weight-rerun_img_cam-agent_distract,7,3,0.01,,0.8999999761581421,0.8999999761581421,libero_spatial_bc_vip_policy_vilt_task7_0822_1156_seed3_ratio0.9_974eca
spatial,img,True,vip,bc-vip-baseline-better-weight-rerun_img_cam-agent_distract,7,4,0.01,,0.6000000238418579,0.6000000238418579,libero_spatial_bc_vip_policy_vilt_task7_0822_1400_seed4_ratio0.9_58079e
spatial,img,True,vip,bc-vip-baseline-better-weight-rerun_img_cam-agent_distract,8,0,0.01,,0.3000000119209289,0.3000000119209289,libero_spatial_bc_vip_policy_vilt_task8_0822_0936_seed0_ratio0.9_cf35e5
spatial,img,True,vip,bc-vip-baseline-better-weight-rerun_img_cam-agent_distract,8,1,0.01,,0.1000000014901161,0.1000000014901161,libero_spatial_bc_vip_policy_vilt_task8_0822_1125_seed1_ratio0.9_f1c775
spatial,img,True,vip,bc-vip-baseline-better-weight-rerun_img_cam-agent_distract,8,2,0.01,,0.6000000238418579,0.6000000238418579,libero_spatial_bc_vip_policy_vilt_task8_0822_1313_seed2_ratio0.9_2a8546
spatial,img,True,vip,bc-vip-baseline-better-weight-rerun_img_cam-agent_distract,8,3,0.01,,0.5,0.5,libero_spatial_bc_vip_policy_vilt_task8_0822_0828_seed3_ratio0.9_bfd75f
spatial,img,True,vip,bc-vip-baseline-better-weight-rerun_img_cam-agent_distract,8,4,0.01,,0.3000000119209289,0.3000000119209289,libero_spatial_bc_vip_policy_vilt_task8_0822_1014_seed4_ratio0.9_162644
spatial,img,True,vip,bc-vip-baseline-better-weight-rerun_img_cam-agent_distract,9,0,0.01,,0.2000000029802322,0.2000000029802322,libero_spatial_bc_vip_policy_vilt_task9_0822_1326_seed0_ratio0.9_020fbb
spatial,img,True,vip,bc-vip-baseline-better-weight-rerun_img_cam-agent_distract,9,1,0.01,,0.4000000059604645,0.4000000059604645,libero_spatial_bc_vip_policy_vilt_task9_0822_0837_seed1_ratio0.9_cb657c
spatial,img,True,vip,bc-vip-baseline-better-weight-rerun_img_cam-agent_distract,9,2,0.01,,0.2000000029802322,0.2000000029802322,libero_spatial_bc_vip_policy_vilt_task9_0822_1042_seed2_ratio0.9_b64ee2
spatial,img,True,vip,bc-vip-baseline-better-weight-rerun_img_cam-agent_distract,9,3,0.01,,0.1000000014901161,0.1000000014901161,libero_spatial_bc_vip_policy_vilt_task9_0822_1246_seed3_ratio0.9_5c5518
spatial,img,True,vip,bc-vip-baseline-better-weight-rerun_img_cam-agent_distract,9,4,0.01,,0.0,0.0,libero_spatial_bc_vip_policy_vilt_task9_0822_1449_seed4_ratio0.9_e4bec1
goal,img,True,vqvae,bc-vqvae-baseline_img_cam-agent_distract_vqvae,0,0,1.0,vqvae,0.699999988079071,0.699999988079071,libero_goal_bc_vae_policy_vqvae_vilt_task0_0817_1605_seed0_ratio0.9_1b9582
goal,img,True,vqvae,bc-vqvae-baseline_img_cam-agent_distract_vqvae,0,1,1.0,vqvae,0.5,0.5,libero_goal_bc_vae_policy_vqvae_vilt_task0_0817_1605_seed1_ratio0.9_60135b
goal,img,True,vqvae,bc-vqvae-baseline_img_cam-agent_distract_vqvae,0,2,1.0,vqvae,0.8999999761581421,0.8999999761581421,libero_goal_bc_vae_policy_vqvae_vilt_task0_0817_1606_seed2_ratio0.9_b3e80e
goal,img,True,vqvae,bc-vqvae-baseline_img_cam-agent_distract_vqvae,0,3,1.0,vqvae,0.699999988079071,0.699999988079071,libero_goal_bc_vae_policy_vqvae_vilt_task0_0817_1608_seed3_ratio0.9_83eebf
goal,img,True,vqvae,bc-vqvae-baseline_img_cam-agent_distract_vqvae,0,4,1.0,vqvae,0.2000000029802322,0.2000000029802322,libero_goal_bc_vae_policy_vqvae_vilt_task0_0817_1608_seed4_ratio0.9_a55867
goal,img,True,vqvae,bc-vqvae-baseline_img_cam-agent_distract_vqvae,1,0,1.0,vqvae,0.8999999761581421,0.8999999761581421,libero_goal_bc_vae_policy_vqvae_vilt_task1_0817_1625_seed0_ratio0.9_c3de39
goal,img,True,vqvae,bc-vqvae-baseline_img_cam-agent_distract_vqvae,1,1,1.0,vqvae,0.8999999761581421,0.8999999761581421,libero_goal_bc_vae_policy_vqvae_vilt_task1_0817_1626_seed1_ratio0.9_154f67
goal,img,True,vqvae,bc-vqvae-baseline_img_cam-agent_distract_vqvae,1,2,1.0,vqvae,0.699999988079071,0.699999988079071,libero_goal_bc_vae_policy_vqvae_vilt_task1_0817_1626_seed2_ratio0.9_1e68a4
goal,img,True,vqvae,bc-vqvae-baseline_img_cam-agent_distract_vqvae,1,3,1.0,vqvae,0.2000000029802322,0.2000000029802322,libero_goal_bc_vae_policy_vqvae_vilt_task1_0817_1626_seed3_ratio0.9_c0788d
goal,img,True,vqvae,bc-vqvae-baseline_img_cam-agent_distract_vqvae,1,4,1.0,vqvae,0.3000000119209289,0.3000000119209289,libero_goal_bc_vae_policy_vqvae_vilt_task1_0817_1626_seed4_ratio0.9_a33fe3
goal,img,True,vqvae,bc-vqvae-baseline_img_cam-agent_distract_vqvae,2,0,1.0,vqvae,0.6000000238418579,0.6000000238418579,libero_goal_bc_vae_policy_vqvae_vilt_task2_0817_1656_seed0_ratio0.9_4368be
goal,img,True,vqvae,bc-vqvae-baseline_img_cam-agent_distract_vqvae,2,1,1.0,vqvae,0.5,0.5,libero_goal_bc_vae_policy_vqvae_vilt_task2_0817_1656_seed1_ratio0.9_4f8517
goal,img,True,vqvae,bc-vqvae-baseline_img_cam-agent_distract_vqvae,2,2,1.0,vqvae,0.4000000059604645,0.4000000059604645,libero_goal_bc_vae_policy_vqvae_vilt_task2_0817_1656_seed2_ratio0.9_264269
goal,img,True,vqvae,bc-vqvae-baseline_img_cam-agent_distract_vqvae,2,3,1.0,vqvae,0.4000000059604645,0.4000000059604645,libero_goal_bc_vae_policy_vqvae_vilt_task2_0817_1658_seed3_ratio0.9_c317f8
goal,img,True,vqvae,bc-vqvae-baseline_img_cam-agent_distract_vqvae,2,4,1.0,vqvae,0.8999999761581421,0.8999999761581421,libero_goal_bc_vae_policy_vqvae_vilt_task2_0817_1701_seed4_ratio0.9_d1ad8d
goal,img,True,vqvae,bc-vqvae-baseline_img_cam-agent_distract_vqvae,3,0,1.0,vqvae,0.5,0.5,libero_goal_bc_vae_policy_vqvae_vilt_task3_0817_1721_seed0_ratio0.9_d3c9b9
goal,img,True,vqvae,bc-vqvae-baseline_img_cam-agent_distract_vqvae,3,1,1.0,vqvae,0.1000000014901161,0.1000000014901161,libero_goal_bc_vae_policy_vqvae_vilt_task3_0817_1722_seed1_ratio0.9_15682e
goal,img,True,vqvae,bc-vqvae-baseline_img_cam-agent_distract_vqvae,3,2,1.0,vqvae,0.5,0.5,libero_goal_bc_vae_policy_vqvae_vilt_task3_0817_1731_seed2_ratio0.9_617a68
goal,img,True,vqvae,bc-vqvae-baseline_img_cam-agent_distract_vqvae,3,3,1.0,vqvae,0.1000000014901161,0.1000000014901161,libero_goal_bc_vae_policy_vqvae_vilt_task3_0817_1742_seed3_ratio0.9_a35044
goal,img,True,vqvae,bc-vqvae-baseline_img_cam-agent_distract_vqvae,3,4,1.0,vqvae,0.1000000014901161,0.1000000014901161,libero_goal_bc_vae_policy_vqvae_vilt_task3_0817_1743_seed4_ratio0.9_7021b2
goal,img,True,vqvae,bc-vqvae-baseline_img_cam-agent_distract_vqvae,4,0,1.0,vqvae,0.3000000119209289,0.3000000119209289,libero_goal_bc_vae_policy_vqvae_vilt_task4_0817_1758_seed0_ratio0.9_25f292
goal,img,True,vqvae,bc-vqvae-baseline_img_cam-agent_distract_vqvae,4,1,1.0,vqvae,0.699999988079071,0.699999988079071,libero_goal_bc_vae_policy_vqvae_vilt_task4_0817_1758_seed1_ratio0.9_047722
goal,img,True,vqvae,bc-vqvae-baseline_img_cam-agent_distract_vqvae,4,2,1.0,vqvae,0.800000011920929,0.800000011920929,libero_goal_bc_vae_policy_vqvae_vilt_task4_0817_1800_seed2_ratio0.9_e2cb4c
goal,img,True,vqvae,bc-vqvae-baseline_img_cam-agent_distract_vqvae,4,3,1.0,vqvae,0.5,0.5,libero_goal_bc_vae_policy_vqvae_vilt_task4_0817_1800_seed3_ratio0.9_c85cb3
goal,img,True,vqvae,bc-vqvae-baseline_img_cam-agent_distract_vqvae,4,4,1.0,vqvae,0.6000000238418579,0.6000000238418579,libero_goal_bc_vae_policy_vqvae_vilt_task4_0817_1816_seed4_ratio0.9_65d14a
goal,img,True,vqvae,bc-vqvae-baseline_img_cam-agent_distract_vqvae,5,0,1.0,vqvae,0.5,0.5,libero_goal_bc_vae_policy_vqvae_vilt_task5_0817_1826_seed0_ratio0.9_cc0343
goal,img,True,vqvae,bc-vqvae-baseline_img_cam-agent_distract_vqvae,5,1,1.0,vqvae,0.5,0.5,libero_goal_bc_vae_policy_vqvae_vilt_task5_0817_1828_seed1_ratio0.9_e048e4
goal,img,True,vqvae,bc-vqvae-baseline_img_cam-agent_distract_vqvae,5,2,1.0,vqvae,0.5,0.5,libero_goal_bc_vae_policy_vqvae_vilt_task5_0817_1828_seed2_ratio0.9_521de1
goal,img,True,vqvae,bc-vqvae-baseline_img_cam-agent_distract_vqvae,5,3,1.0,vqvae,0.6000000238418579,0.6000000238418579,libero_goal_bc_vae_policy_vqvae_vilt_task5_0817_1830_seed3_ratio0.9_2c2506
goal,img,True,vqvae,bc-vqvae-baseline_img_cam-agent_distract_vqvae,5,4,1.0,vqvae,0.4000000059604645,0.4000000059604645,libero_goal_bc_vae_policy_vqvae_vilt_task5_0817_1832_seed4_ratio0.9_1031be
goal,img,True,vqvae,bc-vqvae-baseline_img_cam-agent_distract_vqvae,6,0,1.0,vqvae,0.800000011920929,0.800000011920929,libero_goal_bc_vae_policy_vqvae_vilt_task6_0817_1915_seed0_ratio0.9_2d69e3
goal,img,True,vqvae,bc-vqvae-baseline_img_cam-agent_distract_vqvae,6,1,1.0,vqvae,0.5,0.5,libero_goal_bc_vae_policy_vqvae_vilt_task6_0817_1915_seed1_ratio0.9_56d251
goal,img,True,vqvae,bc-vqvae-baseline_img_cam-agent_distract_vqvae,6,2,1.0,vqvae,0.4000000059604645,0.4000000059604645,libero_goal_bc_vae_policy_vqvae_vilt_task6_0817_1916_seed2_ratio0.9_09b944
goal,img,True,vqvae,bc-vqvae-baseline_img_cam-agent_distract_vqvae,6,3,1.0,vqvae,0.800000011920929,0.800000011920929,libero_goal_bc_vae_policy_vqvae_vilt_task6_0817_1940_seed3_ratio0.9_067c8e
goal,img,True,vqvae,bc-vqvae-baseline_img_cam-agent_distract_vqvae,6,4,1.0,vqvae,0.6000000238418579,0.6000000238418579,libero_goal_bc_vae_policy_vqvae_vilt_task6_0817_1941_seed4_ratio0.9_4b4473
goal,img,True,vqvae,bc-vqvae-baseline_img_cam-agent_distract_vqvae,7,0,1.0,vqvae,1.0,1.0,libero_goal_bc_vae_policy_vqvae_vilt_task7_0817_1953_seed0_ratio0.9_f428ee
goal,img,True,vqvae,bc-vqvae-baseline_img_cam-agent_distract_vqvae,7,1,1.0,vqvae,1.0,1.0,libero_goal_bc_vae_policy_vqvae_vilt_task7_0817_1957_seed1_ratio0.9_bf8c81
goal,img,True,vqvae,bc-vqvae-baseline_img_cam-agent_distract_vqvae,7,2,1.0,vqvae,0.8999999761581421,0.8999999761581421,libero_goal_bc_vae_policy_vqvae_vilt_task7_0817_2001_seed2_ratio0.9_523946
goal,img,True,vqvae,bc-vqvae-baseline_img_cam-agent_distract_vqvae,7,3,1.0,vqvae,0.699999988079071,0.699999988079071,libero_goal_bc_vae_policy_vqvae_vilt_task7_0817_2003_seed3_ratio0.9_fb1645
goal,img,True,vqvae,bc-vqvae-baseline_img_cam-agent_distract_vqvae,7,4,1.0,vqvae,0.699999988079071,0.699999988079071,libero_goal_bc_vae_policy_vqvae_vilt_task7_0817_2003_seed4_ratio0.9_856fbf
goal,img,True,vqvae,bc-vqvae-baseline_img_cam-agent_distract_vqvae,8,0,1.0,vqvae,0.4000000059604645,0.4000000059604645,libero_goal_bc_vae_policy_vqvae_vilt_task8_0817_2017_seed0_ratio0.9_6a3668
goal,img,True,vqvae,bc-vqvae-baseline_img_cam-agent_distract_vqvae,8,1,1.0,vqvae,0.699999988079071,0.699999988079071,libero_goal_bc_vae_policy_vqvae_vilt_task8_0817_2020_seed1_ratio0.9_009138
goal,img,True,vqvae,bc-vqvae-baseline_img_cam-agent_distract_vqvae,8,2,1.0,vqvae,0.5,0.5,libero_goal_bc_vae_policy_vqvae_vilt_task8_0817_2022_seed2_ratio0.9_480a7f
goal,img,True,vqvae,bc-vqvae-baseline_img_cam-agent_distract_vqvae,8,3,1.0,vqvae,0.2000000029802322,0.2000000029802322,libero_goal_bc_vae_policy_vqvae_vilt_task8_0817_2022_seed3_ratio0.9_2fb996
goal,img,True,vqvae,bc-vqvae-baseline_img_cam-agent_distract_vqvae,8,4,1.0,vqvae,0.6000000238418579,0.6000000238418579,libero_goal_bc_vae_policy_vqvae_vilt_task8_0817_2027_seed4_ratio0.9_429b1c
goal,img,True,vqvae,bc-vqvae-baseline_img_cam-agent_distract_vqvae,9,0,1.0,vqvae,0.0,0.0,libero_goal_bc_vae_policy_vqvae_vilt_task9_0817_2037_seed0_ratio0.9_94ec36
goal,img,True,vqvae,bc-vqvae-baseline_img_cam-agent_distract_vqvae,9,1,1.0,vqvae,0.0,0.0,libero_goal_bc_vae_policy_vqvae_vilt_task9_0817_2037_seed1_ratio0.9_93746c
goal,img,True,vqvae,bc-vqvae-baseline_img_cam-agent_distract_vqvae,9,2,1.0,vqvae,0.5,0.5,libero_goal_bc_vae_policy_vqvae_vilt_task9_0817_2050_seed2_ratio0.9_7c496c
goal,img,True,vqvae,bc-vqvae-baseline_img_cam-agent_distract_vqvae,9,3,1.0,vqvae,0.3000000119209289,0.3000000119209289,libero_goal_bc_vae_policy_vqvae_vilt_task9_0817_2057_seed3_ratio0.9_145e85
goal,img,True,vqvae,bc-vqvae-baseline_img_cam-agent_distract_vqvae,9,4,1.0,vqvae,0.0,0.0,libero_goal_bc_vae_policy_vqvae_vilt_task9_0817_2058_seed4_ratio0.9_d0b985
object,img,True,vqvae,bc-vqvae-baseline_img_cam-agent_distract_vqvae,0,0,1.0,vqvae,0.5,0.5,libero_object_bc_vae_policy_vqvae_vilt_task0_0817_2104_seed0_ratio0.9_54eda2
object,img,True,vqvae,bc-vqvae-baseline_img_cam-agent_distract_vqvae,0,1,1.0,vqvae,0.8999999761581421,0.8999999761581421,libero_object_bc_vae_policy_vqvae_vilt_task0_0817_2107_seed1_ratio0.9_79845e
object,img,True,vqvae,bc-vqvae-baseline_img_cam-agent_distract_vqvae,0,2,1.0,vqvae,0.699999988079071,0.699999988079071,libero_object_bc_vae_policy_vqvae_vilt_task0_0817_2107_seed2_ratio0.9_7a73f4
object,img,True,vqvae,bc-vqvae-baseline_img_cam-agent_distract_vqvae,0,3,1.0,vqvae,0.0,0.0,libero_object_bc_vae_policy_vqvae_vilt_task0_0817_2122_seed3_ratio0.9_f0c46b
object,img,True,vqvae,bc-vqvae-baseline_img_cam-agent_distract_vqvae,0,4,1.0,vqvae,0.2000000029802322,0.2000000029802322,libero_object_bc_vae_policy_vqvae_vilt_task0_0817_2131_seed4_ratio0.9_166bb7
object,img,True,vqvae,bc-vqvae-baseline_img_cam-agent_distract_vqvae,1,0,1.0,vqvae,0.0,0.0,libero_object_bc_vae_policy_vqvae_vilt_task1_0817_2238_seed0_ratio0.9_dc63c4
object,img,True,vqvae,bc-vqvae-baseline_img_cam-agent_distract_vqvae,1,1,1.0,vqvae,0.0,0.0,libero_object_bc_vae_policy_vqvae_vilt_task1_0817_2238_seed1_ratio0.9_d32f2e
object,img,True,vqvae,bc-vqvae-baseline_img_cam-agent_distract_vqvae,1,2,1.0,vqvae,0.4000000059604645,0.4000000059604645,libero_object_bc_vae_policy_vqvae_vilt_task1_0817_2239_seed2_ratio0.9_a353e3
object,img,True,vqvae,bc-vqvae-baseline_img_cam-agent_distract_vqvae,1,3,1.0,vqvae,0.0,0.0,libero_object_bc_vae_policy_vqvae_vilt_task1_0817_2239_seed3_ratio0.9_c34fba
object,img,True,vqvae,bc-vqvae-baseline_img_cam-agent_distract_vqvae,1,4,1.0,vqvae,0.699999988079071,0.699999988079071,libero_object_bc_vae_policy_vqvae_vilt_task1_0817_2241_seed4_ratio0.9_b9277b
object,img,True,vqvae,bc-vqvae-baseline_img_cam-agent_distract_vqvae,2,0,1.0,vqvae,0.6000000238418579,0.6000000238418579,libero_object_bc_vae_policy_vqvae_vilt_task2_0817_2249_seed0_ratio0.9_2da4ec
object,img,True,vqvae,bc-vqvae-baseline_img_cam-agent_distract_vqvae,2,1,1.0,vqvae,0.699999988079071,0.699999988079071,libero_object_bc_vae_policy_vqvae_vilt_task2_0817_2250_seed1_ratio0.9_153fef
object,img,True,vqvae,bc-vqvae-baseline_img_cam-agent_distract_vqvae,2,2,1.0,vqvae,0.6000000238418579,0.6000000238418579,libero_object_bc_vae_policy_vqvae_vilt_task2_0817_2300_seed2_ratio0.9_90abb0
object,img,True,vqvae,bc-vqvae-baseline_img_cam-agent_distract_vqvae,2,3,1.0,vqvae,0.699999988079071,0.699999988079071,libero_object_bc_vae_policy_vqvae_vilt_task2_0817_2302_seed3_ratio0.9_56dc26
object,img,True,vqvae,bc-vqvae-baseline_img_cam-agent_distract_vqvae,2,4,1.0,vqvae,0.3000000119209289,0.3000000119209289,libero_object_bc_vae_policy_vqvae_vilt_task2_0817_2303_seed4_ratio0.9_ae87e3
object,img,True,vqvae,bc-vqvae-baseline_img_cam-agent_distract_vqvae,3,0,1.0,vqvae,0.0,0.0,libero_object_bc_vae_policy_vqvae_vilt_task3_0817_2336_seed0_ratio0.9_36cce2
object,img,True,vqvae,bc-vqvae-baseline_img_cam-agent_distract_vqvae,3,1,1.0,vqvae,0.5,0.5,libero_object_bc_vae_policy_vqvae_vilt_task3_0817_2332_seed1_ratio0.9_2c258f
object,img,True,vqvae,bc-vqvae-baseline_img_cam-agent_distract_vqvae,3,2,1.0,vqvae,0.1000000014901161,0.1000000014901161,libero_object_bc_vae_policy_vqvae_vilt_task3_0817_2333_seed2_ratio0.9_07907a
object,img,True,vqvae,bc-vqvae-baseline_img_cam-agent_distract_vqvae,3,3,1.0,vqvae,0.0,0.0,libero_object_bc_vae_policy_vqvae_vilt_task3_0817_2336_seed3_ratio0.9_2f36ba
object,img,True,vqvae,bc-vqvae-baseline_img_cam-agent_distract_vqvae,3,4,1.0,vqvae,0.699999988079071,0.699999988079071,libero_object_bc_vae_policy_vqvae_vilt_task3_0817_2340_seed4_ratio0.9_d4b3ba
object,img,True,vqvae,bc-vqvae-baseline_img_cam-agent_distract_vqvae,4,0,1.0,vqvae,0.4000000059604645,0.4000000059604645,libero_object_bc_vae_policy_vqvae_vilt_task4_0818_0011_seed0_ratio0.9_658061
object,img,True,vqvae,bc-vqvae-baseline_img_cam-agent_distract_vqvae,4,1,1.0,vqvae,0.6000000238418579,0.6000000238418579,libero_object_bc_vae_policy_vqvae_vilt_task4_0818_0014_seed1_ratio0.9_02e41c
object,img,True,vqvae,bc-vqvae-baseline_img_cam-agent_distract_vqvae,4,2,1.0,vqvae,0.1000000014901161,0.1000000014901161,libero_object_bc_vae_policy_vqvae_vilt_task4_0818_0017_seed2_ratio0.9_54ba84
object,img,True,vqvae,bc-vqvae-baseline_img_cam-agent_distract_vqvae,4,3,1.0,vqvae,0.2000000029802322,0.2000000029802322,libero_object_bc_vae_policy_vqvae_vilt_task4_0818_0018_seed3_ratio0.9_5bf687
object,img,True,vqvae,bc-vqvae-baseline_img_cam-agent_distract_vqvae,4,4,1.0,vqvae,0.5,0.5,libero_object_bc_vae_policy_vqvae_vilt_task4_0818_0019_seed4_ratio0.9_4461e3
object,img,True,vqvae,bc-vqvae-baseline_img_cam-agent_distract_vqvae,5,0,1.0,vqvae,0.8999999761581421,0.8999999761581421,libero_object_bc_vae_policy_vqvae_vilt_task5_0818_0025_seed0_ratio0.9_bee858
object,img,True,vqvae,bc-vqvae-baseline_img_cam-agent_distract_vqvae,5,1,1.0,vqvae,0.800000011920929,0.800000011920929,libero_object_bc_vae_policy_vqvae_vilt_task5_0818_0032_seed1_ratio0.9_b419ca
object,img,True,vqvae,bc-vqvae-baseline_img_cam-agent_distract_vqvae,5,2,1.0,vqvae,0.699999988079071,0.699999988079071,libero_object_bc_vae_policy_vqvae_vilt_task5_0818_0036_seed2_ratio0.9_dd773a
object,img,True,vqvae,bc-vqvae-baseline_img_cam-agent_distract_vqvae,5,3,1.0,vqvae,0.699999988079071,0.699999988079071,libero_object_bc_vae_policy_vqvae_vilt_task5_0818_0039_seed3_ratio0.9_a4057c
object,img,True,vqvae,bc-vqvae-baseline_img_cam-agent_distract_vqvae,5,4,1.0,vqvae,0.1000000014901161,0.1000000014901161,libero_object_bc_vae_policy_vqvae_vilt_task5_0818_0049_seed4_ratio0.9_097aa0
object,img,True,vqvae,bc-vqvae-baseline_img_cam-agent_distract_vqvae,6,0,1.0,vqvae,1.0,1.0,libero_object_bc_vae_policy_vqvae_vilt_task6_0818_0120_seed0_ratio0.9_112692
object,img,True,vqvae,bc-vqvae-baseline_img_cam-agent_distract_vqvae,6,1,1.0,vqvae,0.1000000014901161,0.1000000014901161,libero_object_bc_vae_policy_vqvae_vilt_task6_0818_0121_seed1_ratio0.9_6f01ec
object,img,True,vqvae,bc-vqvae-baseline_img_cam-agent_distract_vqvae,6,2,1.0,vqvae,0.3000000119209289,0.3000000119209289,libero_object_bc_vae_policy_vqvae_vilt_task6_0818_0122_seed2_ratio0.9_ab4bd8
object,img,True,vqvae,bc-vqvae-baseline_img_cam-agent_distract_vqvae,6,3,1.0,vqvae,0.0,0.0,libero_object_bc_vae_policy_vqvae_vilt_task6_0818_0122_seed3_ratio0.9_09555a
object,img,True,vqvae,bc-vqvae-baseline_img_cam-agent_distract_vqvae,6,4,1.0,vqvae,0.699999988079071,0.699999988079071,libero_object_bc_vae_policy_vqvae_vilt_task6_0818_0123_seed4_ratio0.9_3631ee
object,img,True,vqvae,bc-vqvae-baseline_img_cam-agent_distract_vqvae,7,0,1.0,vqvae,0.4000000059604645,0.4000000059604645,libero_object_bc_vae_policy_vqvae_vilt_task7_0818_0158_seed0_ratio0.9_ddf533
object,img,True,vqvae,bc-vqvae-baseline_img_cam-agent_distract_vqvae,7,1,1.0,vqvae,0.8999999761581421,0.8999999761581421,libero_object_bc_vae_policy_vqvae_vilt_task7_0818_0202_seed1_ratio0.9_2fa1c8
object,img,True,vqvae,bc-vqvae-baseline_img_cam-agent_distract_vqvae,7,2,1.0,vqvae,0.4000000059604645,0.4000000059604645,libero_object_bc_vae_policy_vqvae_vilt_task7_0818_0205_seed2_ratio0.9_ea609f
object,img,True,vqvae,bc-vqvae-baseline_img_cam-agent_distract_vqvae,7,3,1.0,vqvae,0.5,0.5,libero_object_bc_vae_policy_vqvae_vilt_task7_0818_0206_seed3_ratio0.9_c31a6f
object,img,True,vqvae,bc-vqvae-baseline_img_cam-agent_distract_vqvae,7,4,1.0,vqvae,0.800000011920929,0.800000011920929,libero_object_bc_vae_policy_vqvae_vilt_task7_0818_0207_seed4_ratio0.9_57bfda
object,img,True,vqvae,bc-vqvae-baseline_img_cam-agent_distract_vqvae,8,0,1.0,vqvae,0.2000000029802322,0.2000000029802322,libero_object_bc_vae_policy_vqvae_vilt_task8_0818_0218_seed0_ratio0.9_03fa26
object,img,True,vqvae,bc-vqvae-baseline_img_cam-agent_distract_vqvae,8,1,1.0,vqvae,0.5,0.5,libero_object_bc_vae_policy_vqvae_vilt_task8_0818_0220_seed1_ratio0.9_839a3a
object,img,True,vqvae,bc-vqvae-baseline_img_cam-agent_distract_vqvae,8,2,1.0,vqvae,0.6000000238418579,0.6000000238418579,libero_object_bc_vae_policy_vqvae_vilt_task8_0818_0220_seed2_ratio0.9_0d1cac
object,img,True,vqvae,bc-vqvae-baseline_img_cam-agent_distract_vqvae,8,3,1.0,vqvae,0.800000011920929,0.800000011920929,libero_object_bc_vae_policy_vqvae_vilt_task8_0818_0228_seed3_ratio0.9_388b57
object,img,True,vqvae,bc-vqvae-baseline_img_cam-agent_distract_vqvae,8,4,1.0,vqvae,0.699999988079071,0.699999988079071,libero_object_bc_vae_policy_vqvae_vilt_task8_0818_0234_seed4_ratio0.9_ed1510
object,img,True,vqvae,bc-vqvae-baseline_img_cam-agent_distract_vqvae,9,0,1.0,vqvae,0.6000000238418579,0.6000000238418579,libero_object_bc_vae_policy_vqvae_vilt_task9_0818_0309_seed0_ratio0.9_fb4f06
object,img,True,vqvae,bc-vqvae-baseline_img_cam-agent_distract_vqvae,9,1,1.0,vqvae,0.800000011920929,0.800000011920929,libero_object_bc_vae_policy_vqvae_vilt_task9_0818_0311_seed1_ratio0.9_d81069
object,img,True,vqvae,bc-vqvae-baseline_img_cam-agent_distract_vqvae,9,2,1.0,vqvae,0.2000000029802322,0.2000000029802322,libero_object_bc_vae_policy_vqvae_vilt_task9_0818_0312_seed2_ratio0.9_f3442d
object,img,True,vqvae,bc-vqvae-baseline_img_cam-agent_distract_vqvae,9,3,1.0,vqvae,0.699999988079071,0.699999988079071,libero_object_bc_vae_policy_vqvae_vilt_task9_0818_0313_seed3_ratio0.9_393085
object,img,True,vqvae,bc-vqvae-baseline_img_cam-agent_distract_vqvae,9,4,1.0,vqvae,0.5,0.5,libero_object_bc_vae_policy_vqvae_vilt_task9_0818_0316_seed4_ratio0.9_741085
spatial,img,True,vqvae,bc-vqvae-baseline_img_cam-agent_distract_vqvae,0,0,1.0,vqvae,0.6000000238418579,0.6000000238418579,libero_spatial_bc_vae_policy_vqvae_vilt_task0_0817_1046_seed0_ratio0.9_eb8f17
spatial,img,True,vqvae,bc-vqvae-baseline_img_cam-agent_distract_vqvae,0,1,1.0,vqvae,0.699999988079071,0.699999988079071,libero_spatial_bc_vae_policy_vqvae_vilt_task0_0817_1046_seed1_ratio0.9_815420
spatial,img,True,vqvae,bc-vqvae-baseline_img_cam-agent_distract_vqvae,0,2,1.0,vqvae,0.4000000059604645,0.4000000059604645,libero_spatial_bc_vae_policy_vqvae_vilt_task0_0817_1046_seed2_ratio0.9_06d5ea
spatial,img,True,vqvae,bc-vqvae-baseline_img_cam-agent_distract_vqvae,0,3,1.0,vqvae,0.2000000029802322,0.2000000029802322,libero_spatial_bc_vae_policy_vqvae_vilt_task0_0817_1046_seed3_ratio0.9_61dfdd
spatial,img,True,vqvae,bc-vqvae-baseline_img_cam-agent_distract_vqvae,0,4,1.0,vqvae,0.5,0.5,libero_spatial_bc_vae_policy_vqvae_vilt_task0_0817_1046_seed4_ratio0.9_3daf7a
spatial,img,True,vqvae,bc-vqvae-baseline_img_cam-agent_distract_vqvae,1,0,1.0,vqvae,0.8999999761581421,0.8999999761581421,libero_spatial_bc_vae_policy_vqvae_vilt_task1_0817_1046_seed0_ratio0.9_918d6c
spatial,img,True,vqvae,bc-vqvae-baseline_img_cam-agent_distract_vqvae,1,1,1.0,vqvae,0.1000000014901161,0.1000000014901161,libero_spatial_bc_vae_policy_vqvae_vilt_task1_0817_1046_seed1_ratio0.9_2b0ddd
spatial,img,True,vqvae,bc-vqvae-baseline_img_cam-agent_distract_vqvae,1,2,1.0,vqvae,0.5,0.5,libero_spatial_bc_vae_policy_vqvae_vilt_task1_0817_1046_seed2_ratio0.9_da60c9
spatial,img,True,vqvae,bc-vqvae-baseline_img_cam-agent_distract_vqvae,1,3,1.0,vqvae,0.699999988079071,0.699999988079071,libero_spatial_bc_vae_policy_vqvae_vilt_task1_0817_1046_seed3_ratio0.9_080fd1
spatial,img,True,vqvae,bc-vqvae-baseline_img_cam-agent_distract_vqvae,1,4,1.0,vqvae,0.6000000238418579,0.6000000238418579,libero_spatial_bc_vae_policy_vqvae_vilt_task1_0817_1046_seed4_ratio0.9_37909c
spatial,img,True,vqvae,bc-vqvae-baseline_img_cam-agent_distract_vqvae,2,0,1.0,vqvae,0.8999999761581421,0.8999999761581421,libero_spatial_bc_vae_policy_vqvae_vilt_task2_0817_1144_seed0_ratio0.9_52e551
spatial,img,True,vqvae,bc-vqvae-baseline_img_cam-agent_distract_vqvae,2,1,1.0,vqvae,1.0,1.0,libero_spatial_bc_vae_policy_vqvae_vilt_task2_0817_1145_seed1_ratio0.9_c0e017
spatial,img,True,vqvae,bc-vqvae-baseline_img_cam-agent_distract_vqvae,2,2,1.0,vqvae,0.699999988079071,0.699999988079071,libero_spatial_bc_vae_policy_vqvae_vilt_task2_0817_1146_seed2_ratio0.9_1c9d89
spatial,img,True,vqvae,bc-vqvae-baseline_img_cam-agent_distract_vqvae,2,3,1.0,vqvae,1.0,1.0,libero_spatial_bc_vae_policy_vqvae_vilt_task2_0817_1147_seed3_ratio0.9_1d43f8
spatial,img,True,vqvae,bc-vqvae-baseline_img_cam-agent_distract_vqvae,2,4,1.0,vqvae,0.699999988079071,0.699999988079071,libero_spatial_bc_vae_policy_vqvae_vilt_task2_0817_1147_seed4_ratio0.9_bbe95c
spatial,img,True,vqvae,bc-vqvae-baseline_img_cam-agent_distract_vqvae,3,0,1.0,vqvae,0.8999999761581421,0.8999999761581421,libero_spatial_bc_vae_policy_vqvae_vilt_task3_0817_1156_seed0_ratio0.9_c8851a
spatial,img,True,vqvae,bc-vqvae-baseline_img_cam-agent_distract_vqvae,3,1,1.0,vqvae,0.6000000238418579,0.6000000238418579,libero_spatial_bc_vae_policy_vqvae_vilt_task3_0817_1156_seed1_ratio0.9_f12666
spatial,img,True,vqvae,bc-vqvae-baseline_img_cam-agent_distract_vqvae,3,2,1.0,vqvae,0.4000000059604645,0.4000000059604645,libero_spatial_bc_vae_policy_vqvae_vilt_task3_0817_1158_seed2_ratio0.9_49b501
spatial,img,True,vqvae,bc-vqvae-baseline_img_cam-agent_distract_vqvae,3,3,1.0,vqvae,0.5,0.5,libero_spatial_bc_vae_policy_vqvae_vilt_task3_0817_1214_seed3_ratio0.9_aa611b
spatial,img,True,vqvae,bc-vqvae-baseline_img_cam-agent_distract_vqvae,3,4,1.0,vqvae,0.5,0.5,libero_spatial_bc_vae_policy_vqvae_vilt_task3_0817_1219_seed4_ratio0.9_8fa14c
spatial,img,True,vqvae,bc-vqvae-baseline_img_cam-agent_distract_vqvae,4,0,1.0,vqvae,0.0,0.0,libero_spatial_bc_vae_policy_vqvae_vilt_task4_0817_1234_seed0_ratio0.9_3e55d7
spatial,img,True,vqvae,bc-vqvae-baseline_img_cam-agent_distract_vqvae,4,1,1.0,vqvae,0.0,0.0,libero_spatial_bc_vae_policy_vqvae_vilt_task4_0817_1236_seed1_ratio0.9_5f96d7
spatial,img,True,vqvae,bc-vqvae-baseline_img_cam-agent_distract_vqvae,4,2,1.0,vqvae,0.0,0.0,libero_spatial_bc_vae_policy_vqvae_vilt_task4_0817_1236_seed2_ratio0.9_734cbd
spatial,img,True,vqvae,bc-vqvae-baseline_img_cam-agent_distract_vqvae,4,3,1.0,vqvae,0.0,0.0,libero_spatial_bc_vae_policy_vqvae_vilt_task4_0817_1238_seed3_ratio0.9_6ea561
spatial,img,True,vqvae,bc-vqvae-baseline_img_cam-agent_distract_vqvae,4,4,1.0,vqvae,0.0,0.0,libero_spatial_bc_vae_policy_vqvae_vilt_task4_0817_1240_seed4_ratio0.9_cc6f08
spatial,img,True,vqvae,bc-vqvae-baseline_img_cam-agent_distract_vqvae,5,0,1.0,vqvae,0.0,0.0,libero_spatial_bc_vae_policy_vqvae_vilt_task5_0817_1312_seed0_ratio0.9_ce9289
spatial,img,True,vqvae,bc-vqvae-baseline_img_cam-agent_distract_vqvae,5,1,1.0,vqvae,0.1000000014901161,0.1000000014901161,libero_spatial_bc_vae_policy_vqvae_vilt_task5_0817_1313_seed1_ratio0.9_253eef
spatial,img,True,vqvae,bc-vqvae-baseline_img_cam-agent_distract_vqvae,5,2,1.0,vqvae,0.0,0.0,libero_spatial_bc_vae_policy_vqvae_vilt_task5_0817_1314_seed2_ratio0.9_7c7366
spatial,img,True,vqvae,bc-vqvae-baseline_img_cam-agent_distract_vqvae,5,3,1.0,vqvae,0.0,0.0,libero_spatial_bc_vae_policy_vqvae_vilt_task5_0817_1317_seed3_ratio0.9_2fc6e1
spatial,img,True,vqvae,bc-vqvae-baseline_img_cam-agent_distract_vqvae,5,4,1.0,vqvae,0.0,0.0,libero_spatial_bc_vae_policy_vqvae_vilt_task5_0817_1317_seed4_ratio0.9_674e6c
spatial,img,True,vqvae,bc-vqvae-baseline_img_cam-agent_distract_vqvae,6,0,1.0,vqvae,0.699999988079071,0.699999988079071,libero_spatial_bc_vae_policy_vqvae_vilt_task6_0817_1334_seed0_ratio0.9_f60dd1
spatial,img,True,vqvae,bc-vqvae-baseline_img_cam-agent_distract_vqvae,6,1,1.0,vqvae,0.5,0.5,libero_spatial_bc_vae_policy_vqvae_vilt_task6_0817_1335_seed1_ratio0.9_958855
spatial,img,True,vqvae,bc-vqvae-baseline_img_cam-agent_distract_vqvae,6,2,1.0,vqvae,0.3000000119209289,0.3000000119209289,libero_spatial_bc_vae_policy_vqvae_vilt_task6_0817_1336_seed2_ratio0.9_6e6f32
spatial,img,True,vqvae,bc-vqvae-baseline_img_cam-agent_distract_vqvae,6,3,1.0,vqvae,0.4000000059604645,0.4000000059604645,libero_spatial_bc_vae_policy_vqvae_vilt_task6_0817_1336_seed3_ratio0.9_92a161
spatial,img,True,vqvae,bc-vqvae-baseline_img_cam-agent_distract_vqvae,6,4,1.0,vqvae,0.0,0.0,libero_spatial_bc_vae_policy_vqvae_vilt_task6_0817_1337_seed4_ratio0.9_36f700
spatial,img,True,vqvae,bc-vqvae-baseline_img_cam-agent_distract_vqvae,7,0,1.0,vqvae,0.1000000014901161,0.1000000014901161,libero_spatial_bc_vae_policy_vqvae_vilt_task7_0817_1421_seed0_ratio0.9_403fbd
spatial,img,True,vqvae,bc-vqvae-baseline_img_cam-agent_distract_vqvae,7,1,1.0,vqvae,0.2000000029802322,0.2000000029802322,libero_spatial_bc_vae_policy_vqvae_vilt_task7_0817_1421_seed1_ratio0.9_3404ea
spatial,img,True,vqvae,bc-vqvae-baseline_img_cam-agent_distract_vqvae,7,2,1.0,vqvae,0.2000000029802322,0.2000000029802322,libero_spatial_bc_vae_policy_vqvae_vilt_task7_0817_1422_seed2_ratio0.9_91d223
spatial,img,True,vqvae,bc-vqvae-baseline_img_cam-agent_distract_vqvae,7,3,1.0,vqvae,0.5,0.5,libero_spatial_bc_vae_policy_vqvae_vilt_task7_0817_1423_seed3_ratio0.9_80cb3d
spatial,img,True,vqvae,bc-vqvae-baseline_img_cam-agent_distract_vqvae,7,4,1.0,vqvae,0.5,0.5,libero_spatial_bc_vae_policy_vqvae_vilt_task7_0817_1427_seed4_ratio0.9_ea913b
spatial,img,True,vqvae,bc-vqvae-baseline_img_cam-agent_distract_vqvae,8,0,1.0,vqvae,0.2000000029802322,0.2000000029802322,libero_spatial_bc_vae_policy_vqvae_vilt_task8_0817_1444_seed0_ratio0.9_919cbd
spatial,img,True,vqvae,bc-vqvae-baseline_img_cam-agent_distract_vqvae,8,1,1.0,vqvae,0.1000000014901161,0.1000000014901161,libero_spatial_bc_vae_policy_vqvae_vilt_task8_0817_1446_seed1_ratio0.9_d0ab45
spatial,img,True,vqvae,bc-vqvae-baseline_img_cam-agent_distract_vqvae,8,2,1.0,vqvae,0.0,0.0,libero_spatial_bc_vae_policy_vqvae_vilt_task8_0817_1446_seed2_ratio0.9_ce143a
spatial,img,True,vqvae,bc-vqvae-baseline_img_cam-agent_distract_vqvae,8,3,1.0,vqvae,0.3000000119209289,0.3000000119209289,libero_spatial_bc_vae_policy_vqvae_vilt_task8_0817_1451_seed3_ratio0.9_14e346
spatial,img,True,vqvae,bc-vqvae-baseline_img_cam-agent_distract_vqvae,8,4,1.0,vqvae,0.2000000029802322,0.2000000029802322,libero_spatial_bc_vae_policy_vqvae_vilt_task8_0817_1452_seed4_ratio0.9_457559
spatial,img,True,vqvae,bc-vqvae-baseline_img_cam-agent_distract_vqvae,9,0,1.0,vqvae,0.0,0.0,libero_spatial_bc_vae_policy_vqvae_vilt_task9_0817_1508_seed0_ratio0.9_94cb01
spatial,img,True,vqvae,bc-vqvae-baseline_img_cam-agent_distract_vqvae,9,1,1.0,vqvae,0.1000000014901161,0.1000000014901161,libero_spatial_bc_vae_policy_vqvae_vilt_task9_0817_1513_seed1_ratio0.9_8e489a
spatial,img,True,vqvae,bc-vqvae-baseline_img_cam-agent_distract_vqvae,9,2,1.0,vqvae,0.0,0.0,libero_spatial_bc_vae_policy_vqvae_vilt_task9_0817_1513_seed2_ratio0.9_263b79
spatial,img,True,vqvae,bc-vqvae-baseline_img_cam-agent_distract_vqvae,9,3,1.0,vqvae,0.0,0.0,libero_spatial_bc_vae_policy_vqvae_vilt_task9_0817_1520_seed3_ratio0.9_0499be
spatial,img,True,vqvae,bc-vqvae-baseline_img_cam-agent_distract_vqvae,9,4,1.0,vqvae,0.1000000014901161,0.1000000014901161,libero_spatial_bc_vae_policy_vqvae_vilt_task9_0817_1522_seed4_ratio0.9_f267e6
goal,img,False,vqvae,bc-vqvae-baseline_img_cam-agent_vqvae,0,0,1.0,vqvae,0.800000011920929,0.699999988079071,libero_goal_bc_vae_policy_vqvae_vilt_task0_0817_1524_seed0_ratio0.9_0beaa5
goal,img,False,vqvae,bc-vqvae-baseline_img_cam-agent_vqvae,0,1,1.0,vqvae,0.800000011920929,0.800000011920929,libero_goal_bc_vae_policy_vqvae_vilt_task0_0817_1526_seed1_ratio0.9_eb3f98
goal,img,False,vqvae,bc-vqvae-baseline_img_cam-agent_vqvae,0,2,1.0,vqvae,1.0,0.8999999761581421,libero_goal_bc_vae_policy_vqvae_vilt_task0_0817_1526_seed2_ratio0.9_d82b0a
goal,img,False,vqvae,bc-vqvae-baseline_img_cam-agent_vqvae,0,3,1.0,vqvae,1.0,0.800000011920929,libero_goal_bc_vae_policy_vqvae_vilt_task0_0817_1534_seed3_ratio0.9_38de58
goal,img,False,vqvae,bc-vqvae-baseline_img_cam-agent_vqvae,0,4,1.0,vqvae,0.5,1.0,libero_goal_bc_vae_policy_vqvae_vilt_task0_0817_1602_seed4_ratio0.9_750bbb
goal,img,False,vqvae,bc-vqvae-baseline_img_cam-agent_vqvae,1,0,1.0,vqvae,1.0,1.0,libero_goal_bc_vae_policy_vqvae_vilt_task1_0817_1608_seed0_ratio0.9_caa40f
goal,img,False,vqvae,bc-vqvae-baseline_img_cam-agent_vqvae,1,1,1.0,vqvae,0.699999988079071,1.0,libero_goal_bc_vae_policy_vqvae_vilt_task1_0817_1615_seed1_ratio0.9_7c4f32
goal,img,False,vqvae,bc-vqvae-baseline_img_cam-agent_vqvae,1,2,1.0,vqvae,0.8999999761581421,0.8999999761581421,libero_goal_bc_vae_policy_vqvae_vilt_task1_0817_1616_seed2_ratio0.9_b4f402
goal,img,False,vqvae,bc-vqvae-baseline_img_cam-agent_vqvae,1,3,1.0,vqvae,0.3000000119209289,0.0,libero_goal_bc_vae_policy_vqvae_vilt_task1_0817_1618_seed3_ratio0.9_13e944
goal,img,False,vqvae,bc-vqvae-baseline_img_cam-agent_vqvae,1,4,1.0,vqvae,1.0,0.2000000029802322,libero_goal_bc_vae_policy_vqvae_vilt_task1_0817_1618_seed4_ratio0.9_f54635
goal,img,False,vqvae,bc-vqvae-baseline_img_cam-agent_vqvae,2,0,1.0,vqvae,0.3000000119209289,0.800000011920929,libero_goal_bc_vae_policy_vqvae_vilt_task2_0817_1628_seed0_ratio0.9_8faedc
goal,img,False,vqvae,bc-vqvae-baseline_img_cam-agent_vqvae,2,1,1.0,vqvae,0.1000000014901161,0.2000000029802322,libero_goal_bc_vae_policy_vqvae_vilt_task2_0817_1628_seed1_ratio0.9_ad0678
goal,img,False,vqvae,bc-vqvae-baseline_img_cam-agent_vqvae,2,2,1.0,vqvae,0.6000000238418579,0.800000011920929,libero_goal_bc_vae_policy_vqvae_vilt_task2_0817_1631_seed2_ratio0.9_b0bfd6
goal,img,False,vqvae,bc-vqvae-baseline_img_cam-agent_vqvae,2,3,1.0,vqvae,1.0,0.4000000059604645,libero_goal_bc_vae_policy_vqvae_vilt_task2_0817_1646_seed3_ratio0.9_550425
goal,img,False,vqvae,bc-vqvae-baseline_img_cam-agent_vqvae,2,4,1.0,vqvae,0.5,0.6000000238418579,libero_goal_bc_vae_policy_vqvae_vilt_task2_0817_1652_seed4_ratio0.9_697d3b
goal,img,False,vqvae,bc-vqvae-baseline_img_cam-agent_vqvae,3,0,1.0,vqvae,0.0,0.0,libero_goal_bc_vae_policy_vqvae_vilt_task3_0817_1704_seed0_ratio0.9_6b3f56
goal,img,False,vqvae,bc-vqvae-baseline_img_cam-agent_vqvae,3,1,1.0,vqvae,1.0,1.0,libero_goal_bc_vae_policy_vqvae_vilt_task3_0817_1705_seed1_ratio0.9_b4d9c8
goal,img,False,vqvae,bc-vqvae-baseline_img_cam-agent_vqvae,3,2,1.0,vqvae,0.800000011920929,0.5,libero_goal_bc_vae_policy_vqvae_vilt_task3_0817_1706_seed2_ratio0.9_604e4b
goal,img,False,vqvae,bc-vqvae-baseline_img_cam-agent_vqvae,3,3,1.0,vqvae,0.6000000238418579,0.3000000119209289,libero_goal_bc_vae_policy_vqvae_vilt_task3_0817_1711_seed3_ratio0.9_28fc7f
goal,img,False,vqvae,bc-vqvae-baseline_img_cam-agent_vqvae,3,4,1.0,vqvae,0.4000000059604645,0.4000000059604645,libero_goal_bc_vae_policy_vqvae_vilt_task3_0817_1717_seed4_ratio0.9_8ca48e
goal,img,False,vqvae,bc-vqvae-baseline_img_cam-agent_vqvae,4,0,1.0,vqvae,0.4000000059604645,0.4000000059604645,libero_goal_bc_vae_policy_vqvae_vilt_task4_0817_1743_seed0_ratio0.9_e88c8d
goal,img,False,vqvae,bc-vqvae-baseline_img_cam-agent_vqvae,4,1,1.0,vqvae,0.4000000059604645,0.800000011920929,libero_goal_bc_vae_policy_vqvae_vilt_task4_0817_1743_seed1_ratio0.9_902862
goal,img,False,vqvae,bc-vqvae-baseline_img_cam-agent_vqvae,4,2,1.0,vqvae,0.5,0.699999988079071,libero_goal_bc_vae_policy_vqvae_vilt_task4_0817_1746_seed2_ratio0.9_15b9df
goal,img,False,vqvae,bc-vqvae-baseline_img_cam-agent_vqvae,4,3,1.0,vqvae,0.4000000059604645,0.3000000119209289,libero_goal_bc_vae_policy_vqvae_vilt_task4_0817_1748_seed3_ratio0.9_7c32a7
goal,img,False,vqvae,bc-vqvae-baseline_img_cam-agent_vqvae,4,4,1.0,vqvae,0.3000000119209289,0.699999988079071,libero_goal_bc_vae_policy_vqvae_vilt_task4_0817_1750_seed4_ratio0.9_eb0019
goal,img,False,vqvae,bc-vqvae-baseline_img_cam-agent_vqvae,5,0,1.0,vqvae,0.699999988079071,0.6000000238418579,libero_goal_bc_vae_policy_vqvae_vilt_task5_0817_1818_seed0_ratio0.9_7ebce8
goal,img,False,vqvae,bc-vqvae-baseline_img_cam-agent_vqvae,5,1,1.0,vqvae,0.699999988079071,0.4000000059604645,libero_goal_bc_vae_policy_vqvae_vilt_task5_0817_1819_seed1_ratio0.9_f998ea
goal,img,False,vqvae,bc-vqvae-baseline_img_cam-agent_vqvae,5,2,1.0,vqvae,0.3000000119209289,0.4000000059604645,libero_goal_bc_vae_policy_vqvae_vilt_task5_0817_1819_seed2_ratio0.9_dd1f49
goal,img,False,vqvae,bc-vqvae-baseline_img_cam-agent_vqvae,5,3,1.0,vqvae,0.5,0.699999988079071,libero_goal_bc_vae_policy_vqvae_vilt_task5_0817_1821_seed3_ratio0.9_e4b942
goal,img,False,vqvae,bc-vqvae-baseline_img_cam-agent_vqvae,5,4,1.0,vqvae,0.0,0.699999988079071,libero_goal_bc_vae_policy_vqvae_vilt_task5_0817_1826_seed4_ratio0.9_ffcc7b
goal,img,False,vqvae,bc-vqvae-baseline_img_cam-agent_vqvae,6,0,1.0,vqvae,0.6000000238418579,0.699999988079071,libero_goal_bc_vae_policy_vqvae_vilt_task6_0817_1838_seed0_ratio0.9_1e6b0d
goal,img,False,vqvae,bc-vqvae-baseline_img_cam-agent_vqvae,6,1,1.0,vqvae,0.8999999761581421,0.5,libero_goal_bc_vae_policy_vqvae_vilt_task6_0817_1838_seed1_ratio0.9_337afd
goal,img,False,vqvae,bc-vqvae-baseline_img_cam-agent_vqvae,6,2,1.0,vqvae,0.699999988079071,0.800000011920929,libero_goal_bc_vae_policy_vqvae_vilt_task6_0817_1839_seed2_ratio0.9_b7ce79
goal,img,False,vqvae,bc-vqvae-baseline_img_cam-agent_vqvae,6,3,1.0,vqvae,0.800000011920929,0.699999988079071,libero_goal_bc_vae_policy_vqvae_vilt_task6_0817_1856_seed3_ratio0.9_0241b1
goal,img,False,vqvae,bc-vqvae-baseline_img_cam-agent_vqvae,6,4,1.0,vqvae,0.4000000059604645,0.800000011920929,libero_goal_bc_vae_policy_vqvae_vilt_task6_0817_1914_seed4_ratio0.9_574b56
goal,img,False,vqvae,bc-vqvae-baseline_img_cam-agent_vqvae,7,0,1.0,vqvae,1.0,1.0,libero_goal_bc_vae_policy_vqvae_vilt_task7_0817_1943_seed0_ratio0.9_95bf20
goal,img,False,vqvae,bc-vqvae-baseline_img_cam-agent_vqvae,7,1,1.0,vqvae,1.0,1.0,libero_goal_bc_vae_policy_vqvae_vilt_task7_0817_1946_seed1_ratio0.9_4cc3aa
goal,img,False,vqvae,bc-vqvae-baseline_img_cam-agent_vqvae,7,2,1.0,vqvae,1.0,1.0,libero_goal_bc_vae_policy_vqvae_vilt_task7_0817_1947_seed2_ratio0.9_2abaf1
goal,img,False,vqvae,bc-vqvae-baseline_img_cam-agent_vqvae,7,3,1.0,vqvae,1.0,1.0,libero_goal_bc_vae_policy_vqvae_vilt_task7_0817_1950_seed3_ratio0.9_359317
goal,img,False,vqvae,bc-vqvae-baseline_img_cam-agent_vqvae,7,4,1.0,vqvae,0.8999999761581421,1.0,libero_goal_bc_vae_policy_vqvae_vilt_task7_0817_1952_seed4_ratio0.9_4cb551
goal,img,False,vqvae,bc-vqvae-baseline_img_cam-agent_vqvae,8,0,1.0,vqvae,0.3000000119209289,0.8999999761581421,libero_goal_bc_vae_policy_vqvae_vilt_task8_0817_2004_seed0_ratio0.9_755857
goal,img,False,vqvae,bc-vqvae-baseline_img_cam-agent_vqvae,8,1,1.0,vqvae,0.4000000059604645,0.6000000238418579,libero_goal_bc_vae_policy_vqvae_vilt_task8_0817_2013_seed1_ratio0.9_f0ae72
goal,img,False,vqvae,bc-vqvae-baseline_img_cam-agent_vqvae,8,2,1.0,vqvae,0.2000000029802322,0.8999999761581421,libero_goal_bc_vae_policy_vqvae_vilt_task8_0817_2014_seed2_ratio0.9_54c569
goal,img,False,vqvae,bc-vqvae-baseline_img_cam-agent_vqvae,8,3,1.0,vqvae,0.4000000059604645,0.699999988079071,libero_goal_bc_vae_policy_vqvae_vilt_task8_0817_2016_seed3_ratio0.9_f25b34
goal,img,False,vqvae,bc-vqvae-baseline_img_cam-agent_vqvae,8,4,1.0,vqvae,0.3000000119209289,0.8999999761581421,libero_goal_bc_vae_policy_vqvae_vilt_task8_0817_2016_seed4_ratio0.9_ba8250
goal,img,False,vqvae,bc-vqvae-baseline_img_cam-agent_vqvae,9,0,1.0,vqvae,0.800000011920929,0.2000000029802322,libero_goal_bc_vae_policy_vqvae_vilt_task9_0817_2023_seed0_ratio0.9_05fb19
goal,img,False,vqvae,bc-vqvae-baseline_img_cam-agent_vqvae,9,1,1.0,vqvae,0.0,0.0,libero_goal_bc_vae_policy_vqvae_vilt_task9_0817_2028_seed1_ratio0.9_87dcd5
goal,img,False,vqvae,bc-vqvae-baseline_img_cam-agent_vqvae,9,2,1.0,vqvae,0.2000000029802322,0.2000000029802322,libero_goal_bc_vae_policy_vqvae_vilt_task9_0817_2029_seed2_ratio0.9_e550df
goal,img,False,vqvae,bc-vqvae-baseline_img_cam-agent_vqvae,9,3,1.0,vqvae,0.0,0.1000000014901161,libero_goal_bc_vae_policy_vqvae_vilt_task9_0817_2036_seed3_ratio0.9_94750d
goal,img,False,vqvae,bc-vqvae-baseline_img_cam-agent_vqvae,9,4,1.0,vqvae,0.3000000119209289,0.0,libero_goal_bc_vae_policy_vqvae_vilt_task9_0817_2036_seed4_ratio0.9_80c424
object,img,False,vqvae,bc-vqvae-baseline_img_cam-agent_vqvae,0,0,1.0,vqvae,1.0,0.6000000238418579,libero_object_bc_vae_policy_vqvae_vilt_task0_0817_2100_seed0_ratio0.9_4a812d
object,img,False,vqvae,bc-vqvae-baseline_img_cam-agent_vqvae,0,1,1.0,vqvae,0.699999988079071,0.3000000119209289,libero_object_bc_vae_policy_vqvae_vilt_task0_0817_2101_seed1_ratio0.9_d1f373
object,img,False,vqvae,bc-vqvae-baseline_img_cam-agent_vqvae,0,2,1.0,vqvae,0.1000000014901161,0.8999999761581421,libero_object_bc_vae_policy_vqvae_vilt_task0_0817_2102_seed2_ratio0.9_5844f5
object,img,False,vqvae,bc-vqvae-baseline_img_cam-agent_vqvae,0,3,1.0,vqvae,0.699999988079071,0.8999999761581421,libero_object_bc_vae_policy_vqvae_vilt_task0_0817_2103_seed3_ratio0.9_eaa667
object,img,False,vqvae,bc-vqvae-baseline_img_cam-agent_vqvae,0,4,1.0,vqvae,0.8999999761581421,0.699999988079071,libero_object_bc_vae_policy_vqvae_vilt_task0_0817_2104_seed4_ratio0.9_b2ddfa
object,img,False,vqvae,bc-vqvae-baseline_img_cam-agent_vqvae,1,0,1.0,vqvae,0.699999988079071,1.0,libero_object_bc_vae_policy_vqvae_vilt_task1_0817_2133_seed0_ratio0.9_2a1b8c
object,img,False,vqvae,bc-vqvae-baseline_img_cam-agent_vqvae,1,1,1.0,vqvae,0.4000000059604645,1.0,libero_object_bc_vae_policy_vqvae_vilt_task1_0817_2134_seed1_ratio0.9_70e194
object,img,False,vqvae,bc-vqvae-baseline_img_cam-agent_vqvae,1,2,1.0,vqvae,0.0,0.1000000014901161,libero_object_bc_vae_policy_vqvae_vilt_task1_0817_2137_seed2_ratio0.9_b9ce50
object,img,False,vqvae,bc-vqvae-baseline_img_cam-agent_vqvae,1,3,1.0,vqvae,0.8999999761581421,0.3000000119209289,libero_object_bc_vae_policy_vqvae_vilt_task1_0817_2140_seed3_ratio0.9_01a3fd
object,img,False,vqvae,bc-vqvae-baseline_img_cam-agent_vqvae,1,4,1.0,vqvae,0.1000000014901161,0.8999999761581421,libero_object_bc_vae_policy_vqvae_vilt_task1_0817_2237_seed4_ratio0.9_27c9a1
object,img,False,vqvae,bc-vqvae-baseline_img_cam-agent_vqvae,2,0,1.0,vqvae,0.0,1.0,libero_object_bc_vae_policy_vqvae_vilt_task2_0817_2241_seed0_ratio0.9_553dc5
object,img,False,vqvae,bc-vqvae-baseline_img_cam-agent_vqvae,2,1,1.0,vqvae,0.6000000238418579,0.699999988079071,libero_object_bc_vae_policy_vqvae_vilt_task2_0817_2242_seed1_ratio0.9_82c414
object,img,False,vqvae,bc-vqvae-baseline_img_cam-agent_vqvae,2,2,1.0,vqvae,0.1000000014901161,0.8999999761581421,libero_object_bc_vae_policy_vqvae_vilt_task2_0817_2245_seed2_ratio0.9_d64416
object,img,False,vqvae,bc-vqvae-baseline_img_cam-agent_vqvae,2,3,1.0,vqvae,0.1000000014901161,0.699999988079071,libero_object_bc_vae_policy_vqvae_vilt_task2_0817_2248_seed3_ratio0.9_e2f72b
object,img,False,vqvae,bc-vqvae-baseline_img_cam-agent_vqvae,2,4,1.0,vqvae,0.0,0.8999999761581421,libero_object_bc_vae_policy_vqvae_vilt_task2_0817_2249_seed4_ratio0.9_1b5c98
object,img,False,vqvae,bc-vqvae-baseline_img_cam-agent_vqvae,3,0,1.0,vqvae,0.2000000029802322,0.0,libero_object_bc_vae_policy_vqvae_vilt_task3_0817_2306_seed0_ratio0.9_e0c6c4
object,img,False,vqvae,bc-vqvae-baseline_img_cam-agent_vqvae,3,1,1.0,vqvae,0.1000000014901161,0.4000000059604645,libero_object_bc_vae_policy_vqvae_vilt_task3_0817_2313_seed1_ratio0.9_4e9b64
object,img,False,vqvae,bc-vqvae-baseline_img_cam-agent_vqvae,3,2,1.0,vqvae,0.800000011920929,0.1000000014901161,libero_object_bc_vae_policy_vqvae_vilt_task3_0817_2313_seed2_ratio0.9_752b7a
object,img,False,vqvae,bc-vqvae-baseline_img_cam-agent_vqvae,3,3,1.0,vqvae,0.699999988079071,0.1000000014901161,libero_object_bc_vae_policy_vqvae_vilt_task3_0817_2316_seed3_ratio0.9_37e4bd
object,img,False,vqvae,bc-vqvae-baseline_img_cam-agent_vqvae,3,4,1.0,vqvae,0.2000000029802322,0.0,libero_object_bc_vae_policy_vqvae_vilt_task3_0817_2320_seed4_ratio0.9_e20039
object,img,False,vqvae,bc-vqvae-baseline_img_cam-agent_vqvae,4,0,1.0,vqvae,0.8999999761581421,1.0,libero_object_bc_vae_policy_vqvae_vilt_task4_0817_2341_seed0_ratio0.9_f41a61
object,img,False,vqvae,bc-vqvae-baseline_img_cam-agent_vqvae,4,1,1.0,vqvae,0.5,0.0,libero_object_bc_vae_policy_vqvae_vilt_task4_0817_2343_seed1_ratio0.9_587b10
object,img,False,vqvae,bc-vqvae-baseline_img_cam-agent_vqvae,4,2,1.0,vqvae,1.0,1.0,libero_object_bc_vae_policy_vqvae_vilt_task4_0817_2344_seed2_ratio0.9_58646b
object,img,False,vqvae,bc-vqvae-baseline_img_cam-agent_vqvae,4,3,1.0,vqvae,0.699999988079071,0.8999999761581421,libero_object_bc_vae_policy_vqvae_vilt_task4_0817_2348_seed3_ratio0.9_874dbd
object,img,False,vqvae,bc-vqvae-baseline_img_cam-agent_vqvae,4,4,1.0,vqvae,0.800000011920929,1.0,libero_object_bc_vae_policy_vqvae_vilt_task4_0818_0005_seed4_ratio0.9_8568d7
object,img,False,vqvae,bc-vqvae-baseline_img_cam-agent_vqvae,5,0,1.0,vqvae,0.6000000238418579,0.699999988079071,libero_object_bc_vae_policy_vqvae_vilt_task5_0818_0021_seed0_ratio0.9_0198f2
object,img,False,vqvae,bc-vqvae-baseline_img_cam-agent_vqvae,5,1,1.0,vqvae,0.699999988079071,0.5,libero_object_bc_vae_policy_vqvae_vilt_task5_0818_0020_seed1_ratio0.9_84f68e
object,img,False,vqvae,bc-vqvae-baseline_img_cam-agent_vqvae,5,2,1.0,vqvae,0.6000000238418579,0.5,libero_object_bc_vae_policy_vqvae_vilt_task5_0818_0022_seed2_ratio0.9_1148b8
object,img,False,vqvae,bc-vqvae-baseline_img_cam-agent_vqvae,5,3,1.0,vqvae,0.699999988079071,1.0,libero_object_bc_vae_policy_vqvae_vilt_task5_0818_0022_seed3_ratio0.9_b40910
object,img,False,vqvae,bc-vqvae-baseline_img_cam-agent_vqvae,5,4,1.0,vqvae,0.5,0.4000000059604645,libero_object_bc_vae_policy_vqvae_vilt_task5_0818_0022_seed4_ratio0.9_fec2a1
object,img,False,vqvae,bc-vqvae-baseline_img_cam-agent_vqvae,6,0,1.0,vqvae,1.0,0.1000000014901161,libero_object_bc_vae_policy_vqvae_vilt_task6_0818_0051_seed0_ratio0.9_9ff58a
object,img,False,vqvae,bc-vqvae-baseline_img_cam-agent_vqvae,6,1,1.0,vqvae,1.0,0.0,libero_object_bc_vae_policy_vqvae_vilt_task6_0818_0052_seed1_ratio0.9_6acbb6
object,img,False,vqvae,bc-vqvae-baseline_img_cam-agent_vqvae,6,2,1.0,vqvae,0.5,0.3000000119209289,libero_object_bc_vae_policy_vqvae_vilt_task6_0818_0057_seed2_ratio0.9_e5d201
object,img,False,vqvae,bc-vqvae-baseline_img_cam-agent_vqvae,6,3,1.0,vqvae,1.0,0.5,libero_object_bc_vae_policy_vqvae_vilt_task6_0818_0110_seed3_ratio0.9_a34b46
object,img,False,vqvae,bc-vqvae-baseline_img_cam-agent_vqvae,6,4,1.0,vqvae,0.2000000029802322,0.4000000059604645,libero_object_bc_vae_policy_vqvae_vilt_task6_0818_0117_seed4_ratio0.9_dd9476
object,img,False,vqvae,bc-vqvae-baseline_img_cam-agent_vqvae,7,0,1.0,vqvae,0.699999988079071,0.8999999761581421,libero_object_bc_vae_policy_vqvae_vilt_task7_0818_0125_seed0_ratio0.9_3f84d5
object,img,False,vqvae,bc-vqvae-baseline_img_cam-agent_vqvae,7,1,1.0,vqvae,1.0,0.8999999761581421,libero_object_bc_vae_policy_vqvae_vilt_task7_0818_0134_seed1_ratio0.9_fcfa32
object,img,False,vqvae,bc-vqvae-baseline_img_cam-agent_vqvae,7,2,1.0,vqvae,0.1000000014901161,0.6000000238418579,libero_object_bc_vae_policy_vqvae_vilt_task7_0818_0138_seed2_ratio0.9_f3cb1e
object,img,False,vqvae,bc-vqvae-baseline_img_cam-agent_vqvae,7,3,1.0,vqvae,0.6000000238418579,0.699999988079071,libero_object_bc_vae_policy_vqvae_vilt_task7_0818_0138_seed3_ratio0.9_af40c6
object,img,False,vqvae,bc-vqvae-baseline_img_cam-agent_vqvae,7,4,1.0,vqvae,0.0,1.0,libero_object_bc_vae_policy_vqvae_vilt_task7_0818_0154_seed4_ratio0.9_821778
object,img,False,vqvae,bc-vqvae-baseline_img_cam-agent_vqvae,8,0,1.0,vqvae,0.0,0.0,libero_object_bc_vae_policy_vqvae_vilt_task8_0818_0208_seed0_ratio0.9_475d84
object,img,False,vqvae,bc-vqvae-baseline_img_cam-agent_vqvae,8,1,1.0,vqvae,0.0,0.0,libero_object_bc_vae_policy_vqvae_vilt_task8_0818_0209_seed1_ratio0.9_0cf48a
object,img,False,vqvae,bc-vqvae-baseline_img_cam-agent_vqvae,8,2,1.0,vqvae,0.3000000119209289,0.699999988079071,libero_object_bc_vae_policy_vqvae_vilt_task8_0818_0210_seed2_ratio0.9_440f87
object,img,False,vqvae,bc-vqvae-baseline_img_cam-agent_vqvae,8,3,1.0,vqvae,0.800000011920929,0.0,libero_object_bc_vae_policy_vqvae_vilt_task8_0818_0215_seed3_ratio0.9_9de3dd
object,img,False,vqvae,bc-vqvae-baseline_img_cam-agent_vqvae,8,4,1.0,vqvae,0.5,1.0,libero_object_bc_vae_policy_vqvae_vilt_task8_0818_0217_seed4_ratio0.9_114990
object,img,False,vqvae,bc-vqvae-baseline_img_cam-agent_vqvae,9,0,1.0,vqvae,0.800000011920929,0.8999999761581421,libero_object_bc_vae_policy_vqvae_vilt_task9_0818_0247_seed0_ratio0.9_f19080
object,img,False,vqvae,bc-vqvae-baseline_img_cam-agent_vqvae,9,1,1.0,vqvae,0.0,0.1000000014901161,libero_object_bc_vae_policy_vqvae_vilt_task9_0818_0251_seed1_ratio0.9_b0d76d
object,img,False,vqvae,bc-vqvae-baseline_img_cam-agent_vqvae,9,2,1.0,vqvae,1.0,0.4000000059604645,libero_object_bc_vae_policy_vqvae_vilt_task9_0818_0252_seed2_ratio0.9_46cbc6
object,img,False,vqvae,bc-vqvae-baseline_img_cam-agent_vqvae,9,3,1.0,vqvae,0.699999988079071,0.800000011920929,libero_object_bc_vae_policy_vqvae_vilt_task9_0818_0254_seed3_ratio0.9_1ba1e6
object,img,False,vqvae,bc-vqvae-baseline_img_cam-agent_vqvae,9,4,1.0,vqvae,0.4000000059604645,0.5,libero_object_bc_vae_policy_vqvae_vilt_task9_0818_0309_seed4_ratio0.9_5a5a3d
spatial,img,False,vqvae,bc-vqvae-baseline_img_cam-agent_vqvae,0,0,1.0,vqvae,0.800000011920929,0.0,libero_spatial_bc_vae_policy_vqvae_vilt_task0_0817_1046_seed0_ratio0.9_9c8226
spatial,img,False,vqvae,bc-vqvae-baseline_img_cam-agent_vqvae,0,1,1.0,vqvae,0.0,0.699999988079071,libero_spatial_bc_vae_policy_vqvae_vilt_task0_0817_1046_seed1_ratio0.9_a26920
spatial,img,False,vqvae,bc-vqvae-baseline_img_cam-agent_vqvae,0,2,1.0,vqvae,0.800000011920929,0.6000000238418579,libero_spatial_bc_vae_policy_vqvae_vilt_task0_0817_1046_seed2_ratio0.9_669209
spatial,img,False,vqvae,bc-vqvae-baseline_img_cam-agent_vqvae,0,3,1.0,vqvae,1.0,0.6000000238418579,libero_spatial_bc_vae_policy_vqvae_vilt_task0_0817_1046_seed3_ratio0.9_41b8ac
spatial,img,False,vqvae,bc-vqvae-baseline_img_cam-agent_vqvae,0,4,1.0,vqvae,0.2000000029802322,0.2000000029802322,libero_spatial_bc_vae_policy_vqvae_vilt_task0_0817_1046_seed4_ratio0.9_429fdf
spatial,img,False,vqvae,bc-vqvae-baseline_img_cam-agent_vqvae,1,0,1.0,vqvae,0.4000000059604645,0.800000011920929,libero_spatial_bc_vae_policy_vqvae_vilt_task1_0817_1046_seed0_ratio0.9_269e20
spatial,img,False,vqvae,bc-vqvae-baseline_img_cam-agent_vqvae,1,1,1.0,vqvae,0.6000000238418579,0.0,libero_spatial_bc_vae_policy_vqvae_vilt_task1_0817_1046_seed1_ratio0.9_9b7cc9
spatial,img,False,vqvae,bc-vqvae-baseline_img_cam-agent_vqvae,1,2,1.0,vqvae,0.3000000119209289,0.800000011920929,libero_spatial_bc_vae_policy_vqvae_vilt_task1_0817_1046_seed2_ratio0.9_184ec0
spatial,img,False,vqvae,bc-vqvae-baseline_img_cam-agent_vqvae,1,3,1.0,vqvae,0.1000000014901161,0.2000000029802322,libero_spatial_bc_vae_policy_vqvae_vilt_task1_0817_1046_seed3_ratio0.9_74f2d6
spatial,img,False,vqvae,bc-vqvae-baseline_img_cam-agent_vqvae,1,4,1.0,vqvae,0.1000000014901161,0.699999988079071,libero_spatial_bc_vae_policy_vqvae_vilt_task1_0817_1046_seed4_ratio0.9_9653d0
spatial,img,False,vqvae,bc-vqvae-baseline_img_cam-agent_vqvae,2,0,1.0,vqvae,0.6000000238418579,0.800000011920929,libero_spatial_bc_vae_policy_vqvae_vilt_task2_0817_1046_seed0_ratio0.9_85cf04
spatial,img,False,vqvae,bc-vqvae-baseline_img_cam-agent_vqvae,2,1,1.0,vqvae,0.2000000029802322,0.8999999761581421,libero_spatial_bc_vae_policy_vqvae_vilt_task2_0817_1046_seed1_ratio0.9_ba1a70
spatial,img,False,vqvae,bc-vqvae-baseline_img_cam-agent_vqvae,2,2,1.0,vqvae,0.3000000119209289,0.3000000119209289,libero_spatial_bc_vae_policy_vqvae_vilt_task2_0817_1046_seed2_ratio0.9_ac45b2
spatial,img,False,vqvae,bc-vqvae-baseline_img_cam-agent_vqvae,2,3,1.0,vqvae,1.0,0.800000011920929,libero_spatial_bc_vae_policy_vqvae_vilt_task2_0817_1046_seed3_ratio0.9_cdd9b9
spatial,img,False,vqvae,bc-vqvae-baseline_img_cam-agent_vqvae,2,4,1.0,vqvae,0.4000000059604645,0.699999988079071,libero_spatial_bc_vae_policy_vqvae_vilt_task2_0817_1143_seed4_ratio0.9_f367be
spatial,img,False,vqvae,bc-vqvae-baseline_img_cam-agent_vqvae,3,0,1.0,vqvae,0.4000000059604645,1.0,libero_spatial_bc_vae_policy_vqvae_vilt_task3_0817_1147_seed0_ratio0.9_f85a70
spatial,img,False,vqvae,bc-vqvae-baseline_img_cam-agent_vqvae,3,1,1.0,vqvae,0.2000000029802322,0.699999988079071,libero_spatial_bc_vae_policy_vqvae_vilt_task3_0817_1149_seed1_ratio0.9_7df864
spatial,img,False,vqvae,bc-vqvae-baseline_img_cam-agent_vqvae,3,2,1.0,vqvae,0.800000011920929,1.0,libero_spatial_bc_vae_policy_vqvae_vilt_task3_0817_1153_seed2_ratio0.9_e7edf4
spatial,img,False,vqvae,bc-vqvae-baseline_img_cam-agent_vqvae,3,3,1.0,vqvae,0.699999988079071,0.0,libero_spatial_bc_vae_policy_vqvae_vilt_task3_0817_1153_seed3_ratio0.9_548101
spatial,img,False,vqvae,bc-vqvae-baseline_img_cam-agent_vqvae,3,4,1.0,vqvae,0.5,0.800000011920929,libero_spatial_bc_vae_policy_vqvae_vilt_task3_0817_1156_seed4_ratio0.9_707fb6
spatial,img,False,vqvae,bc-vqvae-baseline_img_cam-agent_vqvae,4,0,1.0,vqvae,0.0,0.0,libero_spatial_bc_vae_policy_vqvae_vilt_task4_0817_1219_seed0_ratio0.9_896ddf
spatial,img,False,vqvae,bc-vqvae-baseline_img_cam-agent_vqvae,4,1,1.0,vqvae,0.0,0.0,libero_spatial_bc_vae_policy_vqvae_vilt_task4_0817_1215_seed1_ratio0.9_856e70
spatial,img,False,vqvae,bc-vqvae-baseline_img_cam-agent_vqvae,4,2,1.0,vqvae,0.0,0.0,libero_spatial_bc_vae_policy_vqvae_vilt_task4_0817_1215_seed2_ratio0.9_64149e
spatial,img,False,vqvae,bc-vqvae-baseline_img_cam-agent_vqvae,4,3,1.0,vqvae,0.0,0.0,libero_spatial_bc_vae_policy_vqvae_vilt_task4_0817_1229_seed3_ratio0.9_084558
spatial,img,False,vqvae,bc-vqvae-baseline_img_cam-agent_vqvae,4,4,1.0,vqvae,0.0,0.0,libero_spatial_bc_vae_policy_vqvae_vilt_task4_0817_1232_seed4_ratio0.9_2b1fb4
spatial,img,False,vqvae,bc-vqvae-baseline_img_cam-agent_vqvae,5,0,1.0,vqvae,0.800000011920929,0.0,libero_spatial_bc_vae_policy_vqvae_vilt_task5_0817_1240_seed0_ratio0.9_94cb4c
spatial,img,False,vqvae,bc-vqvae-baseline_img_cam-agent_vqvae,5,1,1.0,vqvae,0.2000000029802322,0.8999999761581421,libero_spatial_bc_vae_policy_vqvae_vilt_task5_0817_1242_seed1_ratio0.9_8240ba
spatial,img,False,vqvae,bc-vqvae-baseline_img_cam-agent_vqvae,5,2,1.0,vqvae,0.0,0.0,libero_spatial_bc_vae_policy_vqvae_vilt_task5_0817_1243_seed2_ratio0.9_d4e2db
spatial,img,False,vqvae,bc-vqvae-baseline_img_cam-agent_vqvae,5,3,1.0,vqvae,0.4000000059604645,0.0,libero_spatial_bc_vae_policy_vqvae_vilt_task5_0817_1244_seed3_ratio0.9_fd9eb4
spatial,img,False,vqvae,bc-vqvae-baseline_img_cam-agent_vqvae,5,4,1.0,vqvae,0.0,0.0,libero_spatial_bc_vae_policy_vqvae_vilt_task5_0817_1311_seed4_ratio0.9_afaabe
spatial,img,False,vqvae,bc-vqvae-baseline_img_cam-agent_vqvae,6,0,1.0,vqvae,0.3000000119209289,0.6000000238418579,libero_spatial_bc_vae_policy_vqvae_vilt_task6_0817_1317_seed0_ratio0.9_9e18a0
spatial,img,False,vqvae,bc-vqvae-baseline_img_cam-agent_vqvae,6,1,1.0,vqvae,0.699999988079071,0.4000000059604645,libero_spatial_bc_vae_policy_vqvae_vilt_task6_0817_1318_seed1_ratio0.9_2fe51e
spatial,img,False,vqvae,bc-vqvae-baseline_img_cam-agent_vqvae,6,2,1.0,vqvae,0.2000000029802322,0.699999988079071,libero_spatial_bc_vae_policy_vqvae_vilt_task6_0817_1318_seed2_ratio0.9_f8631e
spatial,img,False,vqvae,bc-vqvae-baseline_img_cam-agent_vqvae,6,3,1.0,vqvae,0.4000000059604645,0.800000011920929,libero_spatial_bc_vae_policy_vqvae_vilt_task6_0817_1327_seed3_ratio0.9_2f8e0a
spatial,img,False,vqvae,bc-vqvae-baseline_img_cam-agent_vqvae,6,4,1.0,vqvae,0.699999988079071,0.2000000029802322,libero_spatial_bc_vae_policy_vqvae_vilt_task6_0817_1332_seed4_ratio0.9_128121
spatial,img,False,vqvae,bc-vqvae-baseline_img_cam-agent_vqvae,7,0,1.0,vqvae,0.5,0.6000000238418579,libero_spatial_bc_vae_policy_vqvae_vilt_task7_0817_1339_seed0_ratio0.9_83f5ea
spatial,img,False,vqvae,bc-vqvae-baseline_img_cam-agent_vqvae,7,1,1.0,vqvae,0.2000000029802322,0.3000000119209289,libero_spatial_bc_vae_policy_vqvae_vilt_task7_0817_1340_seed1_ratio0.9_cc1b30
spatial,img,False,vqvae,bc-vqvae-baseline_img_cam-agent_vqvae,7,2,1.0,vqvae,0.1000000014901161,0.0,libero_spatial_bc_vae_policy_vqvae_vilt_task7_0817_1341_seed2_ratio0.9_765b8f
spatial,img,False,vqvae,bc-vqvae-baseline_img_cam-agent_vqvae,7,3,1.0,vqvae,0.800000011920929,0.6000000238418579,libero_spatial_bc_vae_policy_vqvae_vilt_task7_0817_1403_seed3_ratio0.9_0710bb
spatial,img,False,vqvae,bc-vqvae-baseline_img_cam-agent_vqvae,7,4,1.0,vqvae,0.0,0.6000000238418579,libero_spatial_bc_vae_policy_vqvae_vilt_task7_0817_1412_seed4_ratio0.9_cfde9e
spatial,img,False,vqvae,bc-vqvae-baseline_img_cam-agent_vqvae,8,0,1.0,vqvae,0.1000000014901161,0.5,libero_spatial_bc_vae_policy_vqvae_vilt_task8_0817_1427_seed0_ratio0.9_bb0267
spatial,img,False,vqvae,bc-vqvae-baseline_img_cam-agent_vqvae,8,1,1.0,vqvae,0.5,0.0,libero_spatial_bc_vae_policy_vqvae_vilt_task8_0817_1428_seed1_ratio0.9_5cd7b1
spatial,img,False,vqvae,bc-vqvae-baseline_img_cam-agent_vqvae,8,2,1.0,vqvae,0.0,0.2000000029802322,libero_spatial_bc_vae_policy_vqvae_vilt_task8_0817_1430_seed2_ratio0.9_56a759
spatial,img,False,vqvae,bc-vqvae-baseline_img_cam-agent_vqvae,8,3,1.0,vqvae,0.2000000029802322,0.5,libero_spatial_bc_vae_policy_vqvae_vilt_task8_0817_1430_seed3_ratio0.9_87d40c
spatial,img,False,vqvae,bc-vqvae-baseline_img_cam-agent_vqvae,8,4,1.0,vqvae,0.699999988079071,0.2000000029802322,libero_spatial_bc_vae_policy_vqvae_vilt_task8_0817_1442_seed4_ratio0.9_7e17e7
spatial,img,False,vqvae,bc-vqvae-baseline_img_cam-agent_vqvae,9,0,1.0,vqvae,0.0,0.0,libero_spatial_bc_vae_policy_vqvae_vilt_task9_0817_1503_seed0_ratio0.9_87744b
spatial,img,False,vqvae,bc-vqvae-baseline_img_cam-agent_vqvae,9,1,1.0,vqvae,0.3000000119209289,0.0,libero_spatial_bc_vae_policy_vqvae_vilt_task9_0817_1503_seed1_ratio0.9_cb3d71
spatial,img,False,vqvae,bc-vqvae-baseline_img_cam-agent_vqvae,9,2,1.0,vqvae,0.0,0.0,libero_spatial_bc_vae_policy_vqvae_vilt_task9_0817_1506_seed2_ratio0.9_9af014
spatial,img,False,vqvae,bc-vqvae-baseline_img_cam-agent_vqvae,9,3,1.0,vqvae,0.0,0.1000000014901161,libero_spatial_bc_vae_policy_vqvae_vilt_task9_0817_1506_seed3_ratio0.9_184f0f
spatial,img,False,vqvae,bc-vqvae-baseline_img_cam-agent_vqvae,9,4,1.0,vqvae,0.2000000029802322,0.0,libero_spatial_bc_vae_policy_vqvae_vilt_task9_0817_1507_seed4_ratio0.9_d88051
